STATE,state_fips,county_fips,COUNTY_NAME,STATE_NAME,geo_idx,full_fips,county_name_match
AL,01,001,Autauga County,Alabama,7,01001,autauga county
AL,01,003,Baldwin County,Alabama,7,01003,baldwin county
AL,01,005,Barbour County,Alabama,7,01005,barbour county
AL,01,007,Bibb County,Alabama,7,01007,bibb county
AL,01,009,Blount County,Alabama,7,01009,blount county
AL,01,011,Bullock County,Alabama,7,01011,bullock county
AL,01,013,Butler County,Alabama,7,01013,butler county
AL,01,015,Calhoun County,Alabama,7,01015,calhoun county
AL,01,017,Chambers County,Alabama,7,01017,chambers county
AL,01,019,Cherokee County,Alabama,7,01019,cherokee county
AL,01,021,Chilton County,Alabama,7,01021,chilton county
AL,01,023,Choctaw County,Alabama,7,01023,choctaw county
AL,01,025,Clarke County,Alabama,7,01025,clarke county
AL,01,027,Clay County,Alabama,7,01027,clay county
AL,01,029,Cleburne County,Alabama,7,01029,cleburne county
AL,01,031,Coffee County,Alabama,7,01031,coffee county
AL,01,033,Colbert County,Alabama,7,01033,colbert county
AL,01,035,Conecuh County,Alabama,7,01035,conecuh county
AL,01,037,Coosa County,Alabama,7,01037,coosa county
AL,01,039,Covington County,Alabama,7,01039,covington county
AL,01,041,Crenshaw County,Alabama,7,01041,crenshaw county
AL,01,043,Cullman County,Alabama,7,01043,cullman county
AL,01,045,Dale County,Alabama,7,01045,dale county
AL,01,047,Dallas County,Alabama,7,01047,dallas county
AL,01,049,DeKalb County,Alabama,7,01049,dekalb county
AL,01,051,Elmore County,Alabama,7,01051,elmore county
AL,01,053,Escambia County,Alabama,7,01053,escambia county
AL,01,055,Etowah County,Alabama,7,01055,etowah county
AL,01,057,Fayette County,Alabama,7,01057,fayette county
AL,01,059,Franklin County,Alabama,7,01059,franklin county
AL,01,061,Geneva County,Alabama,7,01061,geneva county
AL,01,063,Greene County,Alabama,7,01063,greene county
AL,01,065,Hale County,Alabama,7,01065,hale county
AL,01,067,Henry County,Alabama,7,01067,henry county
AL,01,069,Houston County,Alabama,7,01069,houston county
AL,01,071,Jackson County,Alabama,7,01071,jackson county
AL,01,073,Jefferson County,Alabama,7,01073,jefferson county
AL,01,075,Lamar County,Alabama,7,01075,lamar county
AL,01,077,Lauderdale County,Alabama,7,01077,lauderdale county
AL,01,079,Lawrence County,Alabama,7,01079,lawrence county
AL,01,081,Lee County,Alabama,7,01081,lee county
AL,01,083,Limestone County,Alabama,7,01083,limestone county
AL,01,085,Lowndes County,Alabama,7,01085,lowndes county
AL,01,087,Macon County,Alabama,7,01087,macon county
AL,01,089,Madison County,Alabama,7,01089,madison county
AL,01,091,Marengo County,Alabama,7,01091,marengo county
AL,01,093,Marion County,Alabama,7,01093,marion county
AL,01,095,Marshall County,Alabama,7,01095,marshall county
AL,01,097,Mobile County,Alabama,7,01097,mobile county
AL,01,099,Monroe County,Alabama,7,01099,monroe county
AL,01,101,Montgomery County,Alabama,7,01101,montgomery county
AL,01,103,Morgan County,Alabama,7,01103,morgan county
AL,01,105,Perry County,Alabama,7,01105,perry county
AL,01,107,Pickens County,Alabama,7,01107,pickens county
AL,01,109,Pike County,Alabama,7,01109,pike county
AL,01,111,Randolph County,Alabama,7,01111,randolph county
AL,01,113,Russell County,Alabama,7,01113,russell county
AL,01,115,St. Clair County,Alabama,7,01115,st. clair county
AL,01,117,Shelby County,Alabama,7,01117,shelby county
AL,01,119,Sumter County,Alabama,7,01119,sumter county
AL,01,121,Talladega County,Alabama,7,01121,talladega county
AL,01,123,Tallapoosa County,Alabama,7,01123,tallapoosa county
AL,01,125,Tuscaloosa County,Alabama,7,01125,tuscaloosa county
AL,01,127,Walker County,Alabama,7,01127,walker county
AL,01,129,Washington County,Alabama,7,01129,washington county
AL,01,131,Wilcox County,Alabama,7,01131,wilcox county
AL,01,133,Winston County,Alabama,7,01133,winston county
AK,02,013,Aleutians East Borough,Alaska,6,02013,aleutians east borough
AK,02,016,Aleutians West Census Area,Alaska,6,02016,aleutians west census area
AK,02,020,Anchorage Municipality,Alaska,6,02020,anchorage municipality
AK,02,050,Bethel Census Area,Alaska,6,02050,bethel census area
AK,02,060,Bristol Bay Borough,Alaska,6,02060,bristol bay borough
AK,02,063,Chugach Census Area,Alaska,6,02063,chugach census area
AK,02,066,Copper River Census Area,Alaska,6,02066,copper river census area
AK,02,068,Denali Borough,Alaska,6,02068,denali borough
AK,02,070,Dillingham Census Area,Alaska,6,02070,dillingham census area
AK,02,090,Fairbanks North Star Borough,Alaska,6,02090,fairbanks north star borough
AK,02,100,Haines Borough,Alaska,6,02100,haines borough
AK,02,105,Hoonah-Angoon Census Area,Alaska,6,02105,hoonah-angoon census area
AK,02,110,Juneau City and Borough,Alaska,6,02110,juneau city and borough
AK,02,122,Kenai Peninsula Borough,Alaska,6,02122,kenai peninsula borough
AK,02,130,Ketchikan Gateway Borough,Alaska,6,02130,ketchikan gateway borough
AK,02,150,Kodiak Island Borough,Alaska,6,02150,kodiak island borough
AK,02,158,Kusilvak Census Area,Alaska,6,02158,kusilvak census area
AK,02,164,Lake and Peninsula Borough,Alaska,6,02164,lake and peninsula borough
AK,02,170,Matanuska-Susitna Borough,Alaska,6,02170,matanuska-susitna borough
AK,02,180,Nome Census Area,Alaska,6,02180,nome census area
AK,02,185,North Slope Borough,Alaska,6,02185,north slope borough
AK,02,188,Northwest Arctic Borough,Alaska,6,02188,northwest arctic borough
AK,02,195,Petersburg Borough,Alaska,6,02195,petersburg borough
AK,02,198,Prince of Wales-Hyder Census Area,Alaska,6,02198,prince of wales-hyder census area
AK,02,220,Sitka City and Borough,Alaska,6,02220,sitka city and borough
AK,02,230,Skagway Municipality,Alaska,6,02230,skagway municipality
AK,02,240,Southeast Fairbanks Census Area,Alaska,6,02240,southeast fairbanks census area
AK,02,275,Wrangell City and Borough,Alaska,6,02275,wrangell city and borough
AK,02,282,Yakutat City and Borough,Alaska,6,02282,yakutat city and borough
AK,02,290,Yukon-Koyukuk Census Area,Alaska,6,02290,yukon-koyukuk census area
AZ,04,001,Apache County,Arizona,9,04001,apache county
AZ,04,003,Cochise County,Arizona,9,04003,cochise county
AZ,04,005,Coconino County,Arizona,9,04005,coconino county
AZ,04,007,Gila County,Arizona,9,04007,gila county
AZ,04,009,Graham County,Arizona,9,04009,graham county
AZ,04,011,Greenlee County,Arizona,9,04011,greenlee county
AZ,04,012,La Paz County,Arizona,9,04012,la paz county
AZ,04,013,Maricopa County,Arizona,9,04013,maricopa county
AZ,04,015,Mohave County,Arizona,9,04015,mohave county
AZ,04,017,Navajo County,Arizona,9,04017,navajo county
AZ,04,019,Pima County,Arizona,9,04019,pima county
AZ,04,021,Pinal County,Arizona,9,04021,pinal county
AZ,04,023,Santa Cruz County,Arizona,9,04023,santa cruz county
AZ,04,025,Yavapai County,Arizona,9,04025,yavapai county
AZ,04,027,Yuma County,Arizona,9,04027,yuma county
AR,05,001,Arkansas County,Arkansas,8,05001,arkansas county
AR,05,003,Ashley County,Arkansas,8,05003,ashley county
AR,05,005,Baxter County,Arkansas,8,05005,baxter county
AR,05,007,Benton County,Arkansas,8,05007,benton county
AR,05,009,Boone County,Arkansas,8,05009,boone county
AR,05,011,Bradley County,Arkansas,8,05011,bradley county
AR,05,013,Calhoun County,Arkansas,8,05013,calhoun county
AR,05,015,Carroll County,Arkansas,8,05015,carroll county
AR,05,017,Chicot County,Arkansas,8,05017,chicot county
AR,05,019,Clark County,Arkansas,8,05019,clark county
AR,05,021,Clay County,Arkansas,8,05021,clay county
AR,05,023,Cleburne County,Arkansas,8,05023,cleburne county
AR,05,025,Cleveland County,Arkansas,8,05025,cleveland county
AR,05,027,Columbia County,Arkansas,8,05027,columbia county
AR,05,029,Conway County,Arkansas,8,05029,conway county
AR,05,031,Craighead County,Arkansas,8,05031,craighead county
AR,05,033,Crawford County,Arkansas,8,05033,crawford county
AR,05,035,Crittenden County,Arkansas,8,05035,crittenden county
AR,05,037,Cross County,Arkansas,8,05037,cross county
AR,05,039,Dallas County,Arkansas,8,05039,dallas county
AR,05,041,Desha County,Arkansas,8,05041,desha county
AR,05,043,Drew County,Arkansas,8,05043,drew county
AR,05,045,Faulkner County,Arkansas,8,05045,faulkner county
AR,05,047,Franklin County,Arkansas,8,05047,franklin county
AR,05,049,Fulton County,Arkansas,8,05049,fulton county
AR,05,051,Garland County,Arkansas,8,05051,garland county
AR,05,053,Grant County,Arkansas,8,05053,grant county
AR,05,055,Greene County,Arkansas,8,05055,greene county
AR,05,057,Hempstead County,Arkansas,8,05057,hempstead county
AR,05,059,Hot Spring County,Arkansas,8,05059,hot spring county
AR,05,061,Howard County,Arkansas,8,05061,howard county
AR,05,063,Independence County,Arkansas,8,05063,independence county
AR,05,065,Izard County,Arkansas,8,05065,izard county
AR,05,067,Jackson County,Arkansas,8,05067,jackson county
AR,05,069,Jefferson County,Arkansas,8,05069,jefferson county
AR,05,071,Johnson County,Arkansas,8,05071,johnson county
AR,05,073,Lafayette County,Arkansas,8,05073,lafayette county
AR,05,075,Lawrence County,Arkansas,8,05075,lawrence county
AR,05,077,Lee County,Arkansas,8,05077,lee county
AR,05,079,Lincoln County,Arkansas,8,05079,lincoln county
AR,05,081,Little River County,Arkansas,8,05081,little river county
AR,05,083,Logan County,Arkansas,8,05083,logan county
AR,05,085,Lonoke County,Arkansas,8,05085,lonoke county
AR,05,087,Madison County,Arkansas,8,05087,madison county
AR,05,089,Marion County,Arkansas,8,05089,marion county
AR,05,091,Miller County,Arkansas,8,05091,miller county
AR,05,093,Mississippi County,Arkansas,8,05093,mississippi county
AR,05,095,Monroe County,Arkansas,8,05095,monroe county
AR,05,097,Montgomery County,Arkansas,8,05097,montgomery county
AR,05,099,Nevada County,Arkansas,8,05099,nevada county
AR,05,101,Newton County,Arkansas,8,05101,newton county
AR,05,103,Ouachita County,Arkansas,8,05103,ouachita county
AR,05,105,Perry County,Arkansas,8,05105,perry county
AR,05,107,Phillips County,Arkansas,8,05107,phillips county
AR,05,109,Pike County,Arkansas,8,05109,pike county
AR,05,111,Poinsett County,Arkansas,8,05111,poinsett county
AR,05,113,Polk County,Arkansas,8,05113,polk county
AR,05,115,Pope County,Arkansas,8,05115,pope county
AR,05,117,Prairie County,Arkansas,8,05117,prairie county
AR,05,119,Pulaski County,Arkansas,8,05119,pulaski county
AR,05,121,Randolph County,Arkansas,8,05121,randolph county
AR,05,123,St. Francis County,Arkansas,8,05123,st. francis county
AR,05,125,Saline County,Arkansas,8,05125,saline county
AR,05,127,Scott County,Arkansas,8,05127,scott county
AR,05,129,Searcy County,Arkansas,8,05129,searcy county
AR,05,131,Sebastian County,Arkansas,8,05131,sebastian county
AR,05,133,Sevier County,Arkansas,8,05133,sevier county
AR,05,135,Sharp County,Arkansas,8,05135,sharp county
AR,05,137,Stone County,Arkansas,8,05137,stone county
AR,05,139,Union County,Arkansas,8,05139,union county
AR,05,141,Van Buren County,Arkansas,8,05141,van buren county
AR,05,143,Washington County,Arkansas,8,05143,washington county
AR,05,145,White County,Arkansas,8,05145,white county
AR,05,147,Woodruff County,Arkansas,8,05147,woodruff county
AR,05,149,Yell County,Arkansas,8,05149,yell county
CA,06,001,Alameda County,California,10,06001,alameda county
CA,06,003,Alpine County,California,10,06003,alpine county
CA,06,005,Amador County,California,10,06005,amador county
CA,06,007,Butte County,California,10,06007,butte county
CA,06,009,Calaveras County,California,10,06009,calaveras county
CA,06,011,Colusa County,California,10,06011,colusa county
CA,06,013,Contra Costa County,California,10,06013,contra costa county
CA,06,015,Del Norte County,California,10,06015,del norte county
CA,06,017,El Dorado County,California,10,06017,el dorado county
CA,06,019,Fresno County,California,10,06019,fresno county
CA,06,021,Glenn County,California,10,06021,glenn county
CA,06,023,Humboldt County,California,10,06023,humboldt county
CA,06,025,Imperial County,California,10,06025,imperial county
CA,06,027,Inyo County,California,10,06027,inyo county
CA,06,029,Kern County,California,10,06029,kern county
CA,06,031,Kings County,California,10,06031,kings county
CA,06,033,Lake County,California,10,06033,lake county
CA,06,035,Lassen County,California,10,06035,lassen county
CA,06,037,Los Angeles County,California,10,06037,los angeles county
CA,06,039,Madera County,California,10,06039,madera county
CA,06,041,Marin County,California,10,06041,marin county
CA,06,043,Mariposa County,California,10,06043,mariposa county
CA,06,045,Mendocino County,California,10,06045,mendocino county
CA,06,047,Merced County,California,10,06047,merced county
CA,06,049,Modoc County,California,10,06049,modoc county
CA,06,051,Mono County,California,10,06051,mono county
CA,06,053,Monterey County,California,10,06053,monterey county
CA,06,055,Napa County,California,10,06055,napa county
CA,06,057,Nevada County,California,10,06057,nevada county
CA,06,059,Orange County,California,10,06059,orange county
CA,06,061,Placer County,California,10,06061,placer county
CA,06,063,Plumas County,California,10,06063,plumas county
CA,06,065,Riverside County,California,10,06065,riverside county
CA,06,067,Sacramento County,California,10,06067,sacramento county
CA,06,069,San Benito County,California,10,06069,san benito county
CA,06,071,San Bernardino County,California,10,06071,san bernardino county
CA,06,073,San Diego County,California,10,06073,san diego county
CA,06,075,San Francisco County,California,10,06075,san francisco county
CA,06,077,San Joaquin County,California,10,06077,san joaquin county
CA,06,079,San Luis Obispo County,California,10,06079,san luis obispo county
CA,06,081,San Mateo County,California,10,06081,san mateo county
CA,06,083,Santa Barbara County,California,10,06083,santa barbara county
CA,06,085,Santa Clara County,California,10,06085,santa clara county
CA,06,087,Santa Cruz County,California,10,06087,santa cruz county
CA,06,089,Shasta County,California,10,06089,shasta county
CA,06,091,Sierra County,California,10,06091,sierra county
CA,06,093,Siskiyou County,California,10,06093,siskiyou county
CA,06,095,Solano County,California,10,06095,solano county
CA,06,097,Sonoma County,California,10,06097,sonoma county
CA,06,099,Stanislaus County,California,10,06099,stanislaus county
CA,06,101,Sutter County,California,10,06101,sutter county
CA,06,103,Tehama County,California,10,06103,tehama county
CA,06,105,Trinity County,California,10,06105,trinity county
CA,06,107,Tulare County,California,10,06107,tulare county
CA,06,109,Tuolumne County,California,10,06109,tuolumne county
CA,06,111,Ventura County,California,10,06111,ventura county
CA,06,113,Yolo County,California,10,06113,yolo county
CA,06,115,Yuba County,California,10,06115,yuba county
CO,08,001,Adams County,Colorado,11,08001,adams county
CO,08,003,Alamosa County,Colorado,11,08003,alamosa county
CO,08,005,Arapahoe County,Colorado,11,08005,arapahoe county
CO,08,007,Archuleta County,Colorado,11,08007,archuleta county
CO,08,009,Baca County,Colorado,11,08009,baca county
CO,08,011,Bent County,Colorado,11,08011,bent county
CO,08,013,Boulder County,Colorado,11,08013,boulder county
CO,08,014,Broomfield County,Colorado,11,08014,broomfield county
CO,08,015,Chaffee County,Colorado,11,08015,chaffee county
CO,08,017,Cheyenne County,Colorado,11,08017,cheyenne county
CO,08,019,Clear Creek County,Colorado,11,08019,clear creek county
CO,08,021,Conejos County,Colorado,11,08021,conejos county
CO,08,023,Costilla County,Colorado,11,08023,costilla county
CO,08,025,Crowley County,Colorado,11,08025,crowley county
CO,08,027,Custer County,Colorado,11,08027,custer county
CO,08,029,Delta County,Colorado,11,08029,delta county
CO,08,031,Denver County,Colorado,11,08031,denver county
CO,08,033,Dolores County,Colorado,11,08033,dolores county
CO,08,035,Douglas County,Colorado,11,08035,douglas county
CO,08,037,Eagle County,Colorado,11,08037,eagle county
CO,08,039,Elbert County,Colorado,11,08039,elbert county
CO,08,041,El Paso County,Colorado,11,08041,el paso county
CO,08,043,Fremont County,Colorado,11,08043,fremont county
CO,08,045,Garfield County,Colorado,11,08045,garfield county
CO,08,047,Gilpin County,Colorado,11,08047,gilpin county
CO,08,049,Grand County,Colorado,11,08049,grand county
CO,08,051,Gunnison County,Colorado,11,08051,gunnison county
CO,08,053,Hinsdale County,Colorado,11,08053,hinsdale county
CO,08,055,Huerfano County,Colorado,11,08055,huerfano county
CO,08,057,Jackson County,Colorado,11,08057,jackson county
CO,08,059,Jefferson County,Colorado,11,08059,jefferson county
CO,08,061,Kiowa County,Colorado,11,08061,kiowa county
CO,08,063,Kit Carson County,Colorado,11,08063,kit carson county
CO,08,065,Lake County,Colorado,11,08065,lake county
CO,08,067,La Plata County,Colorado,11,08067,la plata county
CO,08,069,Larimer County,Colorado,11,08069,larimer county
CO,08,071,Las Animas County,Colorado,11,08071,las animas county
CO,08,073,Lincoln County,Colorado,11,08073,lincoln county
CO,08,075,Logan County,Colorado,11,08075,logan county
CO,08,077,Mesa County,Colorado,11,08077,mesa county
CO,08,079,Mineral County,Colorado,11,08079,mineral county
CO,08,081,Moffat County,Colorado,11,08081,moffat county
CO,08,083,Montezuma County,Colorado,11,08083,montezuma county
CO,08,085,Montrose County,Colorado,11,08085,montrose county
CO,08,087,Morgan County,Colorado,11,08087,morgan county
CO,08,089,Otero County,Colorado,11,08089,otero county
CO,08,091,Ouray County,Colorado,11,08091,ouray county
CO,08,093,Park County,Colorado,11,08093,park county
CO,08,095,Phillips County,Colorado,11,08095,phillips county
CO,08,097,Pitkin County,Colorado,11,08097,pitkin county
CO,08,099,Prowers County,Colorado,11,08099,prowers county
CO,08,101,Pueblo County,Colorado,11,08101,pueblo county
CO,08,103,Rio Blanco County,Colorado,11,08103,rio blanco county
CO,08,105,Rio Grande County,Colorado,11,08105,rio grande county
CO,08,107,Routt County,Colorado,11,08107,routt county
CO,08,109,Saguache County,Colorado,11,08109,saguache county
CO,08,111,San Juan County,Colorado,11,08111,san juan county
CO,08,113,San Miguel County,Colorado,11,08113,san miguel county
CO,08,115,Sedgwick County,Colorado,11,08115,sedgwick county
CO,08,117,Summit County,Colorado,11,08117,summit county
CO,08,119,Teller County,Colorado,11,08119,teller county
CO,08,121,Washington County,Colorado,11,08121,washington county
CO,08,123,Weld County,Colorado,11,08123,weld county
CO,08,125,Yuma County,Colorado,11,08125,yuma county
DE,10,001,Kent County,Delaware,13,10001,kent county
DE,10,003,New Castle County,Delaware,13,10003,new castle county
DE,10,005,Sussex County,Delaware,13,10005,sussex county
DC,11,001,District of Columbia,District of Columbia,14,11001,district of columbia
FL,12,001,Alachua County,Florida,15,12001,alachua county
FL,12,003,Baker County,Florida,15,12003,baker county
FL,12,005,Bay County,Florida,15,12005,bay county
FL,12,007,Bradford County,Florida,15,12007,bradford county
FL,12,009,Brevard County,Florida,15,12009,brevard county
FL,12,011,Broward County,Florida,15,12011,broward county
FL,12,013,Calhoun County,Florida,15,12013,calhoun county
FL,12,015,Charlotte County,Florida,15,12015,charlotte county
FL,12,017,Citrus County,Florida,15,12017,citrus county
FL,12,019,Clay County,Florida,15,12019,clay county
FL,12,021,Collier County,Florida,15,12021,collier county
FL,12,023,Columbia County,Florida,15,12023,columbia county
FL,12,027,DeSoto County,Florida,15,12027,desoto county
FL,12,029,Dixie County,Florida,15,12029,dixie county
FL,12,031,Duval County,Florida,15,12031,duval county
FL,12,033,Escambia County,Florida,15,12033,escambia county
FL,12,035,Flagler County,Florida,15,12035,flagler county
FL,12,037,Franklin County,Florida,15,12037,franklin county
FL,12,039,Gadsden County,Florida,15,12039,gadsden county
FL,12,041,Gilchrist County,Florida,15,12041,gilchrist county
FL,12,043,Glades County,Florida,15,12043,glades county
FL,12,045,Gulf County,Florida,15,12045,gulf county
FL,12,047,Hamilton County,Florida,15,12047,hamilton county
FL,12,049,Hardee County,Florida,15,12049,hardee county
FL,12,051,Hendry County,Florida,15,12051,hendry county
FL,12,053,Hernando County,Florida,15,12053,hernando county
FL,12,055,Highlands County,Florida,15,12055,highlands county
FL,12,057,Hillsborough County,Florida,15,12057,hillsborough county
FL,12,059,Holmes County,Florida,15,12059,holmes county
FL,12,061,Indian River County,Florida,15,12061,indian river county
FL,12,063,Jackson County,Florida,15,12063,jackson county
FL,12,065,Jefferson County,Florida,15,12065,jefferson county
FL,12,067,Lafayette County,Florida,15,12067,lafayette county
FL,12,069,Lake County,Florida,15,12069,lake county
FL,12,071,Lee County,Florida,15,12071,lee county
FL,12,073,Leon County,Florida,15,12073,leon county
FL,12,075,Levy County,Florida,15,12075,levy county
FL,12,077,Liberty County,Florida,15,12077,liberty county
FL,12,079,Madison County,Florida,15,12079,madison county
FL,12,081,Manatee County,Florida,15,12081,manatee county
FL,12,083,Marion County,Florida,15,12083,marion county
FL,12,085,Martin County,Florida,15,12085,martin county
FL,12,086,Miami-Dade County,Florida,15,12086,miami-dade county
FL,12,087,Monroe County,Florida,15,12087,monroe county
FL,12,089,Nassau County,Florida,15,12089,nassau county
FL,12,091,Okaloosa County,Florida,15,12091,okaloosa county
FL,12,093,Okeechobee County,Florida,15,12093,okeechobee county
FL,12,095,Orange County,Florida,15,12095,orange county
FL,12,097,Osceola County,Florida,15,12097,osceola county
FL,12,099,Palm Beach County,Florida,15,12099,palm beach county
FL,12,101,Pasco County,Florida,15,12101,pasco county
FL,12,103,Pinellas County,Florida,15,12103,pinellas county
FL,12,105,Polk County,Florida,15,12105,polk county
FL,12,107,Putnam County,Florida,15,12107,putnam county
FL,12,109,St. Johns County,Florida,15,12109,st. johns county
FL,12,111,St. Lucie County,Florida,15,12111,st. lucie county
FL,12,113,Santa Rosa County,Florida,15,12113,santa rosa county
FL,12,115,Sarasota County,Florida,15,12115,sarasota county
FL,12,117,Seminole County,Florida,15,12117,seminole county
FL,12,119,Sumter County,Florida,15,12119,sumter county
FL,12,121,Suwannee County,Florida,15,12121,suwannee county
FL,12,123,Taylor County,Florida,15,12123,taylor county
FL,12,125,Union County,Florida,15,12125,union county
FL,12,127,Volusia County,Florida,15,12127,volusia county
FL,12,129,Wakulla County,Florida,15,12129,wakulla county
FL,12,131,Walton County,Florida,15,12131,walton county
FL,12,133,Washington County,Florida,15,12133,washington county
GA,13,001,Appling County,Georgia,16,13001,appling county
GA,13,003,Atkinson County,Georgia,16,13003,atkinson county
GA,13,005,Bacon County,Georgia,16,13005,bacon county
GA,13,007,Baker County,Georgia,16,13007,baker county
GA,13,009,Baldwin County,Georgia,16,13009,baldwin county
GA,13,011,Banks County,Georgia,16,13011,banks county
GA,13,013,Barrow County,Georgia,16,13013,barrow county
GA,13,015,Bartow County,Georgia,16,13015,bartow county
GA,13,017,Ben Hill County,Georgia,16,13017,ben hill county
GA,13,019,Berrien County,Georgia,16,13019,berrien county
GA,13,021,Bibb County,Georgia,16,13021,bibb county
GA,13,023,Bleckley County,Georgia,16,13023,bleckley county
GA,13,025,Brantley County,Georgia,16,13025,brantley county
GA,13,027,Brooks County,Georgia,16,13027,brooks county
GA,13,029,Bryan County,Georgia,16,13029,bryan county
GA,13,031,Bulloch County,Georgia,16,13031,bulloch county
GA,13,033,Burke County,Georgia,16,13033,burke county
GA,13,035,Butts County,Georgia,16,13035,butts county
GA,13,037,Calhoun County,Georgia,16,13037,calhoun county
GA,13,039,Camden County,Georgia,16,13039,camden county
GA,13,043,Candler County,Georgia,16,13043,candler county
GA,13,045,Carroll County,Georgia,16,13045,carroll county
GA,13,047,Catoosa County,Georgia,16,13047,catoosa county
GA,13,049,Charlton County,Georgia,16,13049,charlton county
GA,13,051,Chatham County,Georgia,16,13051,chatham county
GA,13,053,Chattahoochee County,Georgia,16,13053,chattahoochee county
GA,13,055,Chattooga County,Georgia,16,13055,chattooga county
GA,13,057,Cherokee County,Georgia,16,13057,cherokee county
GA,13,059,Clarke County,Georgia,16,13059,clarke county
GA,13,061,Clay County,Georgia,16,13061,clay county
GA,13,063,Clayton County,Georgia,16,13063,clayton county
GA,13,065,Clinch County,Georgia,16,13065,clinch county
GA,13,067,Cobb County,Georgia,16,13067,cobb county
GA,13,069,Coffee County,Georgia,16,13069,coffee county
GA,13,071,Colquitt County,Georgia,16,13071,colquitt county
GA,13,073,Columbia County,Georgia,16,13073,columbia county
GA,13,075,Cook County,Georgia,16,13075,cook county
GA,13,077,Coweta County,Georgia,16,13077,coweta county
GA,13,079,Crawford County,Georgia,16,13079,crawford county
GA,13,081,Crisp County,Georgia,16,13081,crisp county
GA,13,083,Dade County,Georgia,16,13083,dade county
GA,13,085,Dawson County,Georgia,16,13085,dawson county
GA,13,087,Decatur County,Georgia,16,13087,decatur county
GA,13,089,DeKalb County,Georgia,16,13089,dekalb county
GA,13,091,Dodge County,Georgia,16,13091,dodge county
GA,13,093,Dooly County,Georgia,16,13093,dooly county
GA,13,095,Dougherty County,Georgia,16,13095,dougherty county
GA,13,097,Douglas County,Georgia,16,13097,douglas county
GA,13,099,Early County,Georgia,16,13099,early county
GA,13,101,Echols County,Georgia,16,13101,echols county
GA,13,103,Effingham County,Georgia,16,13103,effingham county
GA,13,105,Elbert County,Georgia,16,13105,elbert county
GA,13,107,Emanuel County,Georgia,16,13107,emanuel county
GA,13,109,Evans County,Georgia,16,13109,evans county
GA,13,111,Fannin County,Georgia,16,13111,fannin county
GA,13,113,Fayette County,Georgia,16,13113,fayette county
GA,13,115,Floyd County,Georgia,16,13115,floyd county
GA,13,117,Forsyth County,Georgia,16,13117,forsyth county
GA,13,119,Franklin County,Georgia,16,13119,franklin county
GA,13,121,Fulton County,Georgia,16,13121,fulton county
GA,13,123,Gilmer County,Georgia,16,13123,gilmer county
GA,13,125,Glascock County,Georgia,16,13125,glascock county
GA,13,127,Glynn County,Georgia,16,13127,glynn county
GA,13,129,Gordon County,Georgia,16,13129,gordon county
GA,13,131,Grady County,Georgia,16,13131,grady county
GA,13,133,Greene County,Georgia,16,13133,greene county
GA,13,135,Gwinnett County,Georgia,16,13135,gwinnett county
GA,13,137,Habersham County,Georgia,16,13137,habersham county
GA,13,139,Hall County,Georgia,16,13139,hall county
GA,13,141,Hancock County,Georgia,16,13141,hancock county
GA,13,143,Haralson County,Georgia,16,13143,haralson county
GA,13,145,Harris County,Georgia,16,13145,harris county
GA,13,147,Hart County,Georgia,16,13147,hart county
GA,13,149,Heard County,Georgia,16,13149,heard county
GA,13,151,Henry County,Georgia,16,13151,henry county
GA,13,153,Houston County,Georgia,16,13153,houston county
GA,13,155,Irwin County,Georgia,16,13155,irwin county
GA,13,157,Jackson County,Georgia,16,13157,jackson county
GA,13,159,Jasper County,Georgia,16,13159,jasper county
GA,13,161,Jeff Davis County,Georgia,16,13161,jeff davis county
GA,13,163,Jefferson County,Georgia,16,13163,jefferson county
GA,13,165,Jenkins County,Georgia,16,13165,jenkins county
GA,13,167,Johnson County,Georgia,16,13167,johnson county
GA,13,169,Jones County,Georgia,16,13169,jones county
GA,13,171,Lamar County,Georgia,16,13171,lamar county
GA,13,173,Lanier County,Georgia,16,13173,lanier county
GA,13,175,Laurens County,Georgia,16,13175,laurens county
GA,13,177,Lee County,Georgia,16,13177,lee county
GA,13,179,Liberty County,Georgia,16,13179,liberty county
GA,13,181,Lincoln County,Georgia,16,13181,lincoln county
GA,13,183,Long County,Georgia,16,13183,long county
GA,13,185,Lowndes County,Georgia,16,13185,lowndes county
GA,13,187,Lumpkin County,Georgia,16,13187,lumpkin county
GA,13,189,McDuffie County,Georgia,16,13189,mcduffie county
GA,13,191,McIntosh County,Georgia,16,13191,mcintosh county
GA,13,193,Macon County,Georgia,16,13193,macon county
GA,13,195,Madison County,Georgia,16,13195,madison county
GA,13,197,Marion County,Georgia,16,13197,marion county
GA,13,199,Meriwether County,Georgia,16,13199,meriwether county
GA,13,201,Miller County,Georgia,16,13201,miller county
GA,13,205,Mitchell County,Georgia,16,13205,mitchell county
GA,13,207,Monroe County,Georgia,16,13207,monroe county
GA,13,209,Montgomery County,Georgia,16,13209,montgomery county
GA,13,211,Morgan County,Georgia,16,13211,morgan county
GA,13,213,Murray County,Georgia,16,13213,murray county
GA,13,215,Muscogee County,Georgia,16,13215,muscogee county
GA,13,217,Newton County,Georgia,16,13217,newton county
GA,13,219,Oconee County,Georgia,16,13219,oconee county
GA,13,221,Oglethorpe County,Georgia,16,13221,oglethorpe county
GA,13,223,Paulding County,Georgia,16,13223,paulding county
GA,13,225,Peach County,Georgia,16,13225,peach county
GA,13,227,Pickens County,Georgia,16,13227,pickens county
GA,13,229,Pierce County,Georgia,16,13229,pierce county
GA,13,231,Pike County,Georgia,16,13231,pike county
GA,13,233,Polk County,Georgia,16,13233,polk county
GA,13,235,Pulaski County,Georgia,16,13235,pulaski county
GA,13,237,Putnam County,Georgia,16,13237,putnam county
GA,13,239,Quitman County,Georgia,16,13239,quitman county
GA,13,241,Rabun County,Georgia,16,13241,rabun county
GA,13,243,Randolph County,Georgia,16,13243,randolph county
GA,13,245,Richmond County,Georgia,16,13245,richmond county
GA,13,247,Rockdale County,Georgia,16,13247,rockdale county
GA,13,249,Schley County,Georgia,16,13249,schley county
GA,13,251,Screven County,Georgia,16,13251,screven county
GA,13,253,Seminole County,Georgia,16,13253,seminole county
GA,13,255,Spalding County,Georgia,16,13255,spalding county
GA,13,257,Stephens County,Georgia,16,13257,stephens county
GA,13,259,Stewart County,Georgia,16,13259,stewart county
GA,13,261,Sumter County,Georgia,16,13261,sumter county
GA,13,263,Talbot County,Georgia,16,13263,talbot county
GA,13,265,Taliaferro County,Georgia,16,13265,taliaferro county
GA,13,267,Tattnall County,Georgia,16,13267,tattnall county
GA,13,269,Taylor County,Georgia,16,13269,taylor county
GA,13,271,Telfair County,Georgia,16,13271,telfair county
GA,13,273,Terrell County,Georgia,16,13273,terrell county
GA,13,275,Thomas County,Georgia,16,13275,thomas county
GA,13,277,Tift County,Georgia,16,13277,tift county
GA,13,279,Toombs County,Georgia,16,13279,toombs county
GA,13,281,Towns County,Georgia,16,13281,towns county
GA,13,283,Treutlen County,Georgia,16,13283,treutlen county
GA,13,285,Troup County,Georgia,16,13285,troup county
GA,13,287,Turner County,Georgia,16,13287,turner county
GA,13,289,Twiggs County,Georgia,16,13289,twiggs county
GA,13,291,Union County,Georgia,16,13291,union county
GA,13,293,Upson County,Georgia,16,13293,upson county
GA,13,295,Walker County,Georgia,16,13295,walker county
GA,13,297,Walton County,Georgia,16,13297,walton county
GA,13,299,Ware County,Georgia,16,13299,ware county
GA,13,301,Warren County,Georgia,16,13301,warren county
GA,13,303,Washington County,Georgia,16,13303,washington county
GA,13,305,Wayne County,Georgia,16,13305,wayne county
GA,13,307,Webster County,Georgia,16,13307,webster county
GA,13,309,Wheeler County,Georgia,16,13309,wheeler county
GA,13,311,White County,Georgia,16,13311,white county
GA,13,313,Whitfield County,Georgia,16,13313,whitfield county
GA,13,315,Wilcox County,Georgia,16,13315,wilcox county
GA,13,317,Wilkes County,Georgia,16,13317,wilkes county
GA,13,319,Wilkinson County,Georgia,16,13319,wilkinson county
GA,13,321,Worth County,Georgia,16,13321,worth county
HI,15,001,Hawaii County,Hawaii,17,15001,hawaii county
HI,15,003,Honolulu County,Hawaii,17,15003,honolulu county
HI,15,005,Kalawao County,Hawaii,17,15005,kalawao county
HI,15,007,Kauai County,Hawaii,17,15007,kauai county
HI,15,009,Maui County,Hawaii,17,15009,maui county
ID,16,001,Ada County,Idaho,18,16001,ada county
ID,16,003,Adams County,Idaho,18,16003,adams county
ID,16,005,Bannock County,Idaho,18,16005,bannock county
ID,16,007,Bear Lake County,Idaho,18,16007,bear lake county
ID,16,009,Benewah County,Idaho,18,16009,benewah county
ID,16,011,Bingham County,Idaho,18,16011,bingham county
ID,16,013,Blaine County,Idaho,18,16013,blaine county
ID,16,015,Boise County,Idaho,18,16015,boise county
ID,16,017,Bonner County,Idaho,18,16017,bonner county
ID,16,019,Bonneville County,Idaho,18,16019,bonneville county
ID,16,021,Boundary County,Idaho,18,16021,boundary county
ID,16,023,Butte County,Idaho,18,16023,butte county
ID,16,025,Camas County,Idaho,18,16025,camas county
ID,16,027,Canyon County,Idaho,18,16027,canyon county
ID,16,029,Caribou County,Idaho,18,16029,caribou county
ID,16,031,Cassia County,Idaho,18,16031,cassia county
ID,16,033,Clark County,Idaho,18,16033,clark county
ID,16,035,Clearwater County,Idaho,18,16035,clearwater county
ID,16,037,Custer County,Idaho,18,16037,custer county
ID,16,039,Elmore County,Idaho,18,16039,elmore county
ID,16,041,Franklin County,Idaho,18,16041,franklin county
ID,16,043,Fremont County,Idaho,18,16043,fremont county
ID,16,045,Gem County,Idaho,18,16045,gem county
ID,16,047,Gooding County,Idaho,18,16047,gooding county
ID,16,049,Idaho County,Idaho,18,16049,idaho county
ID,16,051,Jefferson County,Idaho,18,16051,jefferson county
ID,16,053,Jerome County,Idaho,18,16053,jerome county
ID,16,055,Kootenai County,Idaho,18,16055,kootenai county
ID,16,057,Latah County,Idaho,18,16057,latah county
ID,16,059,Lemhi County,Idaho,18,16059,lemhi county
ID,16,061,Lewis County,Idaho,18,16061,lewis county
ID,16,063,Lincoln County,Idaho,18,16063,lincoln county
ID,16,065,Madison County,Idaho,18,16065,madison county
ID,16,067,Minidoka County,Idaho,18,16067,minidoka county
ID,16,069,Nez Perce County,Idaho,18,16069,nez perce county
ID,16,071,Oneida County,Idaho,18,16071,oneida county
ID,16,073,Owyhee County,Idaho,18,16073,owyhee county
ID,16,075,Payette County,Idaho,18,16075,payette county
ID,16,077,Power County,Idaho,18,16077,power county
ID,16,079,Shoshone County,Idaho,18,16079,shoshone county
ID,16,081,Teton County,Idaho,18,16081,teton county
ID,16,083,Twin Falls County,Idaho,18,16083,twin falls county
ID,16,085,Valley County,Idaho,18,16085,valley county
ID,16,087,Washington County,Idaho,18,16087,washington county
IL,17,001,Adams County,Illinois,19,17001,adams county
IL,17,003,Alexander County,Illinois,19,17003,alexander county
IL,17,005,Bond County,Illinois,19,17005,bond county
IL,17,007,Boone County,Illinois,19,17007,boone county
IL,17,009,Brown County,Illinois,19,17009,brown county
IL,17,011,Bureau County,Illinois,19,17011,bureau county
IL,17,013,Calhoun County,Illinois,19,17013,calhoun county
IL,17,015,Carroll County,Illinois,19,17015,carroll county
IL,17,017,Cass County,Illinois,19,17017,cass county
IL,17,019,Champaign County,Illinois,19,17019,champaign county
IL,17,021,Christian County,Illinois,19,17021,christian county
IL,17,023,Clark County,Illinois,19,17023,clark county
IL,17,025,Clay County,Illinois,19,17025,clay county
IL,17,027,Clinton County,Illinois,19,17027,clinton county
IL,17,029,Coles County,Illinois,19,17029,coles county
IL,17,031,Cook County,Illinois,19,17031,cook county
IL,17,033,Crawford County,Illinois,19,17033,crawford county
IL,17,035,Cumberland County,Illinois,19,17035,cumberland county
IL,17,037,DeKalb County,Illinois,19,17037,dekalb county
IL,17,039,De Witt County,Illinois,19,17039,de witt county
IL,17,041,Douglas County,Illinois,19,17041,douglas county
IL,17,043,DuPage County,Illinois,19,17043,dupage county
IL,17,045,Edgar County,Illinois,19,17045,edgar county
IL,17,047,Edwards County,Illinois,19,17047,edwards county
IL,17,049,Effingham County,Illinois,19,17049,effingham county
IL,17,051,Fayette County,Illinois,19,17051,fayette county
IL,17,053,Ford County,Illinois,19,17053,ford county
IL,17,055,Franklin County,Illinois,19,17055,franklin county
IL,17,057,Fulton County,Illinois,19,17057,fulton county
IL,17,059,Gallatin County,Illinois,19,17059,gallatin county
IL,17,061,Greene County,Illinois,19,17061,greene county
IL,17,063,Grundy County,Illinois,19,17063,grundy county
IL,17,065,Hamilton County,Illinois,19,17065,hamilton county
IL,17,067,Hancock County,Illinois,19,17067,hancock county
IL,17,069,Hardin County,Illinois,19,17069,hardin county
IL,17,071,Henderson County,Illinois,19,17071,henderson county
IL,17,073,Henry County,Illinois,19,17073,henry county
IL,17,075,Iroquois County,Illinois,19,17075,iroquois county
IL,17,077,Jackson County,Illinois,19,17077,jackson county
IL,17,079,Jasper County,Illinois,19,17079,jasper county
IL,17,081,Jefferson County,Illinois,19,17081,jefferson county
IL,17,083,Jersey County,Illinois,19,17083,jersey county
IL,17,085,Jo Daviess County,Illinois,19,17085,jo daviess county
IL,17,087,Johnson County,Illinois,19,17087,johnson county
IL,17,089,Kane County,Illinois,19,17089,kane county
IL,17,091,Kankakee County,Illinois,19,17091,kankakee county
IL,17,093,Kendall County,Illinois,19,17093,kendall county
IL,17,095,Knox County,Illinois,19,17095,knox county
IL,17,097,Lake County,Illinois,19,17097,lake county
IL,17,099,LaSalle County,Illinois,19,17099,lasalle county
IL,17,101,Lawrence County,Illinois,19,17101,lawrence county
IL,17,103,Lee County,Illinois,19,17103,lee county
IL,17,105,Livingston County,Illinois,19,17105,livingston county
IL,17,107,Logan County,Illinois,19,17107,logan county
IL,17,109,McDonough County,Illinois,19,17109,mcdonough county
IL,17,111,McHenry County,Illinois,19,17111,mchenry county
IL,17,113,McLean County,Illinois,19,17113,mclean county
IL,17,115,Macon County,Illinois,19,17115,macon county
IL,17,117,Macoupin County,Illinois,19,17117,macoupin county
IL,17,119,Madison County,Illinois,19,17119,madison county
IL,17,121,Marion County,Illinois,19,17121,marion county
IL,17,123,Marshall County,Illinois,19,17123,marshall county
IL,17,125,Mason County,Illinois,19,17125,mason county
IL,17,127,Massac County,Illinois,19,17127,massac county
IL,17,129,Menard County,Illinois,19,17129,menard county
IL,17,131,Mercer County,Illinois,19,17131,mercer county
IL,17,133,Monroe County,Illinois,19,17133,monroe county
IL,17,135,Montgomery County,Illinois,19,17135,montgomery county
IL,17,137,Morgan County,Illinois,19,17137,morgan county
IL,17,139,Moultrie County,Illinois,19,17139,moultrie county
IL,17,141,Ogle County,Illinois,19,17141,ogle county
IL,17,143,Peoria County,Illinois,19,17143,peoria county
IL,17,145,Perry County,Illinois,19,17145,perry county
IL,17,147,Piatt County,Illinois,19,17147,piatt county
IL,17,149,Pike County,Illinois,19,17149,pike county
IL,17,151,Pope County,Illinois,19,17151,pope county
IL,17,153,Pulaski County,Illinois,19,17153,pulaski county
IL,17,155,Putnam County,Illinois,19,17155,putnam county
IL,17,157,Randolph County,Illinois,19,17157,randolph county
IL,17,159,Richland County,Illinois,19,17159,richland county
IL,17,161,Rock Island County,Illinois,19,17161,rock island county
IL,17,163,St. Clair County,Illinois,19,17163,st. clair county
IL,17,165,Saline County,Illinois,19,17165,saline county
IL,17,167,Sangamon County,Illinois,19,17167,sangamon county
IL,17,169,Schuyler County,Illinois,19,17169,schuyler county
IL,17,171,Scott County,Illinois,19,17171,scott county
IL,17,173,Shelby County,Illinois,19,17173,shelby county
IL,17,175,Stark County,Illinois,19,17175,stark county
IL,17,177,Stephenson County,Illinois,19,17177,stephenson county
IL,17,179,Tazewell County,Illinois,19,17179,tazewell county
IL,17,181,Union County,Illinois,19,17181,union county
IL,17,183,Vermilion County,Illinois,19,17183,vermilion county
IL,17,185,Wabash County,Illinois,19,17185,wabash county
IL,17,187,Warren County,Illinois,19,17187,warren county
IL,17,189,Washington County,Illinois,19,17189,washington county
IL,17,191,Wayne County,Illinois,19,17191,wayne county
IL,17,193,White County,Illinois,19,17193,white county
IL,17,195,Whiteside County,Illinois,19,17195,whiteside county
IL,17,197,Will County,Illinois,19,17197,will county
IL,17,199,Williamson County,Illinois,19,17199,williamson county
IL,17,201,Winnebago County,Illinois,19,17201,winnebago county
IL,17,203,Woodford County,Illinois,19,17203,woodford county
IN,18,001,Adams County,Indiana,20,18001,adams county
IN,18,003,Allen County,Indiana,20,18003,allen county
IN,18,005,Bartholomew County,Indiana,20,18005,bartholomew county
IN,18,007,Benton County,Indiana,20,18007,benton county
IN,18,009,Blackford County,Indiana,20,18009,blackford county
IN,18,011,Boone County,Indiana,20,18011,boone county
IN,18,013,Brown County,Indiana,20,18013,brown county
IN,18,015,Carroll County,Indiana,20,18015,carroll county
IN,18,017,Cass County,Indiana,20,18017,cass county
IN,18,019,Clark County,Indiana,20,18019,clark county
IN,18,021,Clay County,Indiana,20,18021,clay county
IN,18,023,Clinton County,Indiana,20,18023,clinton county
IN,18,025,Crawford County,Indiana,20,18025,crawford county
IN,18,027,Daviess County,Indiana,20,18027,daviess county
IN,18,029,Dearborn County,Indiana,20,18029,dearborn county
IN,18,031,Decatur County,Indiana,20,18031,decatur county
IN,18,033,DeKalb County,Indiana,20,18033,dekalb county
IN,18,035,Delaware County,Indiana,20,18035,delaware county
IN,18,037,Dubois County,Indiana,20,18037,dubois county
IN,18,039,Elkhart County,Indiana,20,18039,elkhart county
IN,18,041,Fayette County,Indiana,20,18041,fayette county
IN,18,043,Floyd County,Indiana,20,18043,floyd county
IN,18,045,Fountain County,Indiana,20,18045,fountain county
IN,18,047,Franklin County,Indiana,20,18047,franklin county
IN,18,049,Fulton County,Indiana,20,18049,fulton county
IN,18,051,Gibson County,Indiana,20,18051,gibson county
IN,18,053,Grant County,Indiana,20,18053,grant county
IN,18,055,Greene County,Indiana,20,18055,greene county
IN,18,057,Hamilton County,Indiana,20,18057,hamilton county
IN,18,059,Hancock County,Indiana,20,18059,hancock county
IN,18,061,Harrison County,Indiana,20,18061,harrison county
IN,18,063,Hendricks County,Indiana,20,18063,hendricks county
IN,18,065,Henry County,Indiana,20,18065,henry county
IN,18,067,Howard County,Indiana,20,18067,howard county
IN,18,069,Huntington County,Indiana,20,18069,huntington county
IN,18,071,Jackson County,Indiana,20,18071,jackson county
IN,18,073,Jasper County,Indiana,20,18073,jasper county
IN,18,075,Jay County,Indiana,20,18075,jay county
IN,18,077,Jefferson County,Indiana,20,18077,jefferson county
IN,18,079,Jennings County,Indiana,20,18079,jennings county
IN,18,081,Johnson County,Indiana,20,18081,johnson county
IN,18,083,Knox County,Indiana,20,18083,knox county
IN,18,085,Kosciusko County,Indiana,20,18085,kosciusko county
IN,18,087,LaGrange County,Indiana,20,18087,lagrange county
IN,18,089,Lake County,Indiana,20,18089,lake county
IN,18,091,LaPorte County,Indiana,20,18091,laporte county
IN,18,093,Lawrence County,Indiana,20,18093,lawrence county
IN,18,095,Madison County,Indiana,20,18095,madison county
IN,18,097,Marion County,Indiana,20,18097,marion county
IN,18,099,Marshall County,Indiana,20,18099,marshall county
IN,18,101,Martin County,Indiana,20,18101,martin county
IN,18,103,Miami County,Indiana,20,18103,miami county
IN,18,105,Monroe County,Indiana,20,18105,monroe county
IN,18,107,Montgomery County,Indiana,20,18107,montgomery county
IN,18,109,Morgan County,Indiana,20,18109,morgan county
IN,18,111,Newton County,Indiana,20,18111,newton county
IN,18,113,Noble County,Indiana,20,18113,noble county
IN,18,115,Ohio County,Indiana,20,18115,ohio county
IN,18,117,Orange County,Indiana,20,18117,orange county
IN,18,119,Owen County,Indiana,20,18119,owen county
IN,18,121,Parke County,Indiana,20,18121,parke county
IN,18,123,Perry County,Indiana,20,18123,perry county
IN,18,125,Pike County,Indiana,20,18125,pike county
IN,18,127,Porter County,Indiana,20,18127,porter county
IN,18,129,Posey County,Indiana,20,18129,posey county
IN,18,131,Pulaski County,Indiana,20,18131,pulaski county
IN,18,133,Putnam County,Indiana,20,18133,putnam county
IN,18,135,Randolph County,Indiana,20,18135,randolph county
IN,18,137,Ripley County,Indiana,20,18137,ripley county
IN,18,139,Rush County,Indiana,20,18139,rush county
IN,18,141,St. Joseph County,Indiana,20,18141,st. joseph county
IN,18,143,Scott County,Indiana,20,18143,scott county
IN,18,145,Shelby County,Indiana,20,18145,shelby county
IN,18,147,Spencer County,Indiana,20,18147,spencer county
IN,18,149,Starke County,Indiana,20,18149,starke county
IN,18,151,Steuben County,Indiana,20,18151,steuben county
IN,18,153,Sullivan County,Indiana,20,18153,sullivan county
IN,18,155,Switzerland County,Indiana,20,18155,switzerland county
IN,18,157,Tippecanoe County,Indiana,20,18157,tippecanoe county
IN,18,159,Tipton County,Indiana,20,18159,tipton county
IN,18,161,Union County,Indiana,20,18161,union county
IN,18,163,Vanderburgh County,Indiana,20,18163,vanderburgh county
IN,18,165,Vermillion County,Indiana,20,18165,vermillion county
IN,18,167,Vigo County,Indiana,20,18167,vigo county
IN,18,169,Wabash County,Indiana,20,18169,wabash county
IN,18,171,Warren County,Indiana,20,18171,warren county
IN,18,173,Warrick County,Indiana,20,18173,warrick county
IN,18,175,Washington County,Indiana,20,18175,washington county
IN,18,177,Wayne County,Indiana,20,18177,wayne county
IN,18,179,Wells County,Indiana,20,18179,wells county
IN,18,181,White County,Indiana,20,18181,white county
IN,18,183,Whitley County,Indiana,20,18183,whitley county
IA,19,001,Adair County,Iowa,21,19001,adair county
IA,19,003,Adams County,Iowa,21,19003,adams county
IA,19,005,Allamakee County,Iowa,21,19005,allamakee county
IA,19,007,Appanoose County,Iowa,21,19007,appanoose county
IA,19,009,Audubon County,Iowa,21,19009,audubon county
IA,19,011,Benton County,Iowa,21,19011,benton county
IA,19,013,Black Hawk County,Iowa,21,19013,black hawk county
IA,19,015,Boone County,Iowa,21,19015,boone county
IA,19,017,Bremer County,Iowa,21,19017,bremer county
IA,19,019,Buchanan County,Iowa,21,19019,buchanan county
IA,19,021,Buena Vista County,Iowa,21,19021,buena vista county
IA,19,023,Butler County,Iowa,21,19023,butler county
IA,19,025,Calhoun County,Iowa,21,19025,calhoun county
IA,19,027,Carroll County,Iowa,21,19027,carroll county
IA,19,029,Cass County,Iowa,21,19029,cass county
IA,19,031,Cedar County,Iowa,21,19031,cedar county
IA,19,033,Cerro Gordo County,Iowa,21,19033,cerro gordo county
IA,19,035,Cherokee County,Iowa,21,19035,cherokee county
IA,19,037,Chickasaw County,Iowa,21,19037,chickasaw county
IA,19,039,Clarke County,Iowa,21,19039,clarke county
IA,19,041,Clay County,Iowa,21,19041,clay county
IA,19,043,Clayton County,Iowa,21,19043,clayton county
IA,19,045,Clinton County,Iowa,21,19045,clinton county
IA,19,047,Crawford County,Iowa,21,19047,crawford county
IA,19,049,Dallas County,Iowa,21,19049,dallas county
IA,19,051,Davis County,Iowa,21,19051,davis county
IA,19,053,Decatur County,Iowa,21,19053,decatur county
IA,19,055,Delaware County,Iowa,21,19055,delaware county
IA,19,057,Des Moines County,Iowa,21,19057,des moines county
IA,19,059,Dickinson County,Iowa,21,19059,dickinson county
IA,19,061,Dubuque County,Iowa,21,19061,dubuque county
IA,19,063,Emmet County,Iowa,21,19063,emmet county
IA,19,065,Fayette County,Iowa,21,19065,fayette county
IA,19,067,Floyd County,Iowa,21,19067,floyd county
IA,19,069,Franklin County,Iowa,21,19069,franklin county
IA,19,071,Fremont County,Iowa,21,19071,fremont county
IA,19,073,Greene County,Iowa,21,19073,greene county
IA,19,075,Grundy County,Iowa,21,19075,grundy county
IA,19,077,Guthrie County,Iowa,21,19077,guthrie county
IA,19,079,Hamilton County,Iowa,21,19079,hamilton county
IA,19,081,Hancock County,Iowa,21,19081,hancock county
IA,19,083,Hardin County,Iowa,21,19083,hardin county
IA,19,085,Harrison County,Iowa,21,19085,harrison county
IA,19,087,Henry County,Iowa,21,19087,henry county
IA,19,089,Howard County,Iowa,21,19089,howard county
IA,19,091,Humboldt County,Iowa,21,19091,humboldt county
IA,19,093,Ida County,Iowa,21,19093,ida county
IA,19,095,Iowa County,Iowa,21,19095,iowa county
IA,19,097,Jackson County,Iowa,21,19097,jackson county
IA,19,099,Jasper County,Iowa,21,19099,jasper county
IA,19,101,Jefferson County,Iowa,21,19101,jefferson county
IA,19,103,Johnson County,Iowa,21,19103,johnson county
IA,19,105,Jones County,Iowa,21,19105,jones county
IA,19,107,Keokuk County,Iowa,21,19107,keokuk county
IA,19,109,Kossuth County,Iowa,21,19109,kossuth county
IA,19,111,Lee County,Iowa,21,19111,lee county
IA,19,113,Linn County,Iowa,21,19113,linn county
IA,19,115,Louisa County,Iowa,21,19115,louisa county
IA,19,117,Lucas County,Iowa,21,19117,lucas county
IA,19,119,Lyon County,Iowa,21,19119,lyon county
IA,19,121,Madison County,Iowa,21,19121,madison county
IA,19,123,Mahaska County,Iowa,21,19123,mahaska county
IA,19,125,Marion County,Iowa,21,19125,marion county
IA,19,127,Marshall County,Iowa,21,19127,marshall county
IA,19,129,Mills County,Iowa,21,19129,mills county
IA,19,131,Mitchell County,Iowa,21,19131,mitchell county
IA,19,133,Monona County,Iowa,21,19133,monona county
IA,19,135,Monroe County,Iowa,21,19135,monroe county
IA,19,137,Montgomery County,Iowa,21,19137,montgomery county
IA,19,139,Muscatine County,Iowa,21,19139,muscatine county
IA,19,141,O'Brien County,Iowa,21,19141,o'brien county
IA,19,143,Osceola County,Iowa,21,19143,osceola county
IA,19,145,Page County,Iowa,21,19145,page county
IA,19,147,Palo Alto County,Iowa,21,19147,palo alto county
IA,19,149,Plymouth County,Iowa,21,19149,plymouth county
IA,19,151,Pocahontas County,Iowa,21,19151,pocahontas county
IA,19,153,Polk County,Iowa,21,19153,polk county
IA,19,155,Pottawattamie County,Iowa,21,19155,pottawattamie county
IA,19,157,Poweshiek County,Iowa,21,19157,poweshiek county
IA,19,159,Ringgold County,Iowa,21,19159,ringgold county
IA,19,161,Sac County,Iowa,21,19161,sac county
IA,19,163,Scott County,Iowa,21,19163,scott county
IA,19,165,Shelby County,Iowa,21,19165,shelby county
IA,19,167,Sioux County,Iowa,21,19167,sioux county
IA,19,169,Story County,Iowa,21,19169,story county
IA,19,171,Tama County,Iowa,21,19171,tama county
IA,19,173,Taylor County,Iowa,21,19173,taylor county
IA,19,175,Union County,Iowa,21,19175,union county
IA,19,177,Van Buren County,Iowa,21,19177,van buren county
IA,19,179,Wapello County,Iowa,21,19179,wapello county
IA,19,181,Warren County,Iowa,21,19181,warren county
IA,19,183,Washington County,Iowa,21,19183,washington county
IA,19,185,Wayne County,Iowa,21,19185,wayne county
IA,19,187,Webster County,Iowa,21,19187,webster county
IA,19,189,Winnebago County,Iowa,21,19189,winnebago county
IA,19,191,Winneshiek County,Iowa,21,19191,winneshiek county
IA,19,193,Woodbury County,Iowa,21,19193,woodbury county
IA,19,195,Worth County,Iowa,21,19195,worth county
IA,19,197,Wright County,Iowa,21,19197,wright county
KS,20,001,Allen County,Kansas,22,20001,allen county
KS,20,003,Anderson County,Kansas,22,20003,anderson county
KS,20,005,Atchison County,Kansas,22,20005,atchison county
KS,20,007,Barber County,Kansas,22,20007,barber county
KS,20,009,Barton County,Kansas,22,20009,barton county
KS,20,011,Bourbon County,Kansas,22,20011,bourbon county
KS,20,013,Brown County,Kansas,22,20013,brown county
KS,20,015,Butler County,Kansas,22,20015,butler county
KS,20,017,Chase County,Kansas,22,20017,chase county
KS,20,019,Chautauqua County,Kansas,22,20019,chautauqua county
KS,20,021,Cherokee County,Kansas,22,20021,cherokee county
KS,20,023,Cheyenne County,Kansas,22,20023,cheyenne county
KS,20,025,Clark County,Kansas,22,20025,clark county
KS,20,027,Clay County,Kansas,22,20027,clay county
KS,20,029,Cloud County,Kansas,22,20029,cloud county
KS,20,031,Coffey County,Kansas,22,20031,coffey county
KS,20,033,Comanche County,Kansas,22,20033,comanche county
KS,20,035,Cowley County,Kansas,22,20035,cowley county
KS,20,037,Crawford County,Kansas,22,20037,crawford county
KS,20,039,Decatur County,Kansas,22,20039,decatur county
KS,20,041,Dickinson County,Kansas,22,20041,dickinson county
KS,20,043,Doniphan County,Kansas,22,20043,doniphan county
KS,20,045,Douglas County,Kansas,22,20045,douglas county
KS,20,047,Edwards County,Kansas,22,20047,edwards county
KS,20,049,Elk County,Kansas,22,20049,elk county
KS,20,051,Ellis County,Kansas,22,20051,ellis county
KS,20,053,Ellsworth County,Kansas,22,20053,ellsworth county
KS,20,055,Finney County,Kansas,22,20055,finney county
KS,20,057,Ford County,Kansas,22,20057,ford county
KS,20,059,Franklin County,Kansas,22,20059,franklin county
KS,20,061,Geary County,Kansas,22,20061,geary county
KS,20,063,Gove County,Kansas,22,20063,gove county
KS,20,065,Graham County,Kansas,22,20065,graham county
KS,20,067,Grant County,Kansas,22,20067,grant county
KS,20,069,Gray County,Kansas,22,20069,gray county
KS,20,071,Greeley County,Kansas,22,20071,greeley county
KS,20,073,Greenwood County,Kansas,22,20073,greenwood county
KS,20,075,Hamilton County,Kansas,22,20075,hamilton county
KS,20,077,Harper County,Kansas,22,20077,harper county
KS,20,079,Harvey County,Kansas,22,20079,harvey county
KS,20,081,Haskell County,Kansas,22,20081,haskell county
KS,20,083,Hodgeman County,Kansas,22,20083,hodgeman county
KS,20,085,Jackson County,Kansas,22,20085,jackson county
KS,20,087,Jefferson County,Kansas,22,20087,jefferson county
KS,20,089,Jewell County,Kansas,22,20089,jewell county
KS,20,091,Johnson County,Kansas,22,20091,johnson county
KS,20,093,Kearny County,Kansas,22,20093,kearny county
KS,20,095,Kingman County,Kansas,22,20095,kingman county
KS,20,097,Kiowa County,Kansas,22,20097,kiowa county
KS,20,099,Labette County,Kansas,22,20099,labette county
KS,20,101,Lane County,Kansas,22,20101,lane county
KS,20,103,Leavenworth County,Kansas,22,20103,leavenworth county
KS,20,105,Lincoln County,Kansas,22,20105,lincoln county
KS,20,107,Linn County,Kansas,22,20107,linn county
KS,20,109,Logan County,Kansas,22,20109,logan county
KS,20,111,Lyon County,Kansas,22,20111,lyon county
KS,20,113,McPherson County,Kansas,22,20113,mcpherson county
KS,20,115,Marion County,Kansas,22,20115,marion county
KS,20,117,Marshall County,Kansas,22,20117,marshall county
KS,20,119,Meade County,Kansas,22,20119,meade county
KS,20,121,Miami County,Kansas,22,20121,miami county
KS,20,123,Mitchell County,Kansas,22,20123,mitchell county
KS,20,125,Montgomery County,Kansas,22,20125,montgomery county
KS,20,127,Morris County,Kansas,22,20127,morris county
KS,20,129,Morton County,Kansas,22,20129,morton county
KS,20,131,Nemaha County,Kansas,22,20131,nemaha county
KS,20,133,Neosho County,Kansas,22,20133,neosho county
KS,20,135,Ness County,Kansas,22,20135,ness county
KS,20,137,Norton County,Kansas,22,20137,norton county
KS,20,139,Osage County,Kansas,22,20139,osage county
KS,20,141,Osborne County,Kansas,22,20141,osborne county
KS,20,143,Ottawa County,Kansas,22,20143,ottawa county
KS,20,145,Pawnee County,Kansas,22,20145,pawnee county
KS,20,147,Phillips County,Kansas,22,20147,phillips county
KS,20,149,Pottawatomie County,Kansas,22,20149,pottawatomie county
KS,20,151,Pratt County,Kansas,22,20151,pratt county
KS,20,153,Rawlins County,Kansas,22,20153,rawlins county
KS,20,155,Reno County,Kansas,22,20155,reno county
KS,20,157,Republic County,Kansas,22,20157,republic county
KS,20,159,Rice County,Kansas,22,20159,rice county
KS,20,161,Riley County,Kansas,22,20161,riley county
KS,20,163,Rooks County,Kansas,22,20163,rooks county
KS,20,165,Rush County,Kansas,22,20165,rush county
KS,20,167,Russell County,Kansas,22,20167,russell county
KS,20,169,Saline County,Kansas,22,20169,saline county
KS,20,171,Scott County,Kansas,22,20171,scott county
KS,20,173,Sedgwick County,Kansas,22,20173,sedgwick county
KS,20,175,Seward County,Kansas,22,20175,seward county
KS,20,177,Shawnee County,Kansas,22,20177,shawnee county
KS,20,179,Sheridan County,Kansas,22,20179,sheridan county
KS,20,181,Sherman County,Kansas,22,20181,sherman county
KS,20,183,Smith County,Kansas,22,20183,smith county
KS,20,185,Stafford County,Kansas,22,20185,stafford county
KS,20,187,Stanton County,Kansas,22,20187,stanton county
KS,20,189,Stevens County,Kansas,22,20189,stevens county
KS,20,191,Sumner County,Kansas,22,20191,sumner county
KS,20,193,Thomas County,Kansas,22,20193,thomas county
KS,20,195,Trego County,Kansas,22,20195,trego county
KS,20,197,Wabaunsee County,Kansas,22,20197,wabaunsee county
KS,20,199,Wallace County,Kansas,22,20199,wallace county
KS,20,201,Washington County,Kansas,22,20201,washington county
KS,20,203,Wichita County,Kansas,22,20203,wichita county
KS,20,205,Wilson County,Kansas,22,20205,wilson county
KS,20,207,Woodson County,Kansas,22,20207,woodson county
KS,20,209,Wyandotte County,Kansas,22,20209,wyandotte county
KY,21,001,Adair County,Kentucky,23,21001,adair county
KY,21,003,Allen County,Kentucky,23,21003,allen county
KY,21,005,Anderson County,Kentucky,23,21005,anderson county
KY,21,007,Ballard County,Kentucky,23,21007,ballard county
KY,21,009,Barren County,Kentucky,23,21009,barren county
KY,21,011,Bath County,Kentucky,23,21011,bath county
KY,21,013,Bell County,Kentucky,23,21013,bell county
KY,21,015,Boone County,Kentucky,23,21015,boone county
KY,21,017,Bourbon County,Kentucky,23,21017,bourbon county
KY,21,019,Boyd County,Kentucky,23,21019,boyd county
KY,21,021,Boyle County,Kentucky,23,21021,boyle county
KY,21,023,Bracken County,Kentucky,23,21023,bracken county
KY,21,025,Breathitt County,Kentucky,23,21025,breathitt county
KY,21,027,Breckinridge County,Kentucky,23,21027,breckinridge county
KY,21,029,Bullitt County,Kentucky,23,21029,bullitt county
KY,21,031,Butler County,Kentucky,23,21031,butler county
KY,21,033,Caldwell County,Kentucky,23,21033,caldwell county
KY,21,035,Calloway County,Kentucky,23,21035,calloway county
KY,21,037,Campbell County,Kentucky,23,21037,campbell county
KY,21,039,Carlisle County,Kentucky,23,21039,carlisle county
KY,21,041,Carroll County,Kentucky,23,21041,carroll county
KY,21,043,Carter County,Kentucky,23,21043,carter county
KY,21,045,Casey County,Kentucky,23,21045,casey county
KY,21,047,Christian County,Kentucky,23,21047,christian county
KY,21,049,Clark County,Kentucky,23,21049,clark county
KY,21,051,Clay County,Kentucky,23,21051,clay county
KY,21,053,Clinton County,Kentucky,23,21053,clinton county
KY,21,055,Crittenden County,Kentucky,23,21055,crittenden county
KY,21,057,Cumberland County,Kentucky,23,21057,cumberland county
KY,21,059,Daviess County,Kentucky,23,21059,daviess county
KY,21,061,Edmonson County,Kentucky,23,21061,edmonson county
KY,21,063,Elliott County,Kentucky,23,21063,elliott county
KY,21,065,Estill County,Kentucky,23,21065,estill county
KY,21,067,Fayette County,Kentucky,23,21067,fayette county
KY,21,069,Fleming County,Kentucky,23,21069,fleming county
KY,21,071,Floyd County,Kentucky,23,21071,floyd county
KY,21,073,Franklin County,Kentucky,23,21073,franklin county
KY,21,075,Fulton County,Kentucky,23,21075,fulton county
KY,21,077,Gallatin County,Kentucky,23,21077,gallatin county
KY,21,079,Garrard County,Kentucky,23,21079,garrard county
KY,21,081,Grant County,Kentucky,23,21081,grant county
KY,21,083,Graves County,Kentucky,23,21083,graves county
KY,21,085,Grayson County,Kentucky,23,21085,grayson county
KY,21,087,Green County,Kentucky,23,21087,green county
KY,21,089,Greenup County,Kentucky,23,21089,greenup county
KY,21,091,Hancock County,Kentucky,23,21091,hancock county
KY,21,093,Hardin County,Kentucky,23,21093,hardin county
KY,21,095,Harlan County,Kentucky,23,21095,harlan county
KY,21,097,Harrison County,Kentucky,23,21097,harrison county
KY,21,099,Hart County,Kentucky,23,21099,hart county
KY,21,101,Henderson County,Kentucky,23,21101,henderson county
KY,21,103,Henry County,Kentucky,23,21103,henry county
KY,21,105,Hickman County,Kentucky,23,21105,hickman county
KY,21,107,Hopkins County,Kentucky,23,21107,hopkins county
KY,21,109,Jackson County,Kentucky,23,21109,jackson county
KY,21,111,Jefferson County,Kentucky,23,21111,jefferson county
KY,21,113,Jessamine County,Kentucky,23,21113,jessamine county
KY,21,115,Johnson County,Kentucky,23,21115,johnson county
KY,21,117,Kenton County,Kentucky,23,21117,kenton county
KY,21,119,Knott County,Kentucky,23,21119,knott county
KY,21,121,Knox County,Kentucky,23,21121,knox county
KY,21,123,Larue County,Kentucky,23,21123,larue county
KY,21,125,Laurel County,Kentucky,23,21125,laurel county
KY,21,127,Lawrence County,Kentucky,23,21127,lawrence county
KY,21,129,Lee County,Kentucky,23,21129,lee county
KY,21,131,Leslie County,Kentucky,23,21131,leslie county
KY,21,133,Letcher County,Kentucky,23,21133,letcher county
KY,21,135,Lewis County,Kentucky,23,21135,lewis county
KY,21,137,Lincoln County,Kentucky,23,21137,lincoln county
KY,21,139,Livingston County,Kentucky,23,21139,livingston county
KY,21,141,Logan County,Kentucky,23,21141,logan county
KY,21,143,Lyon County,Kentucky,23,21143,lyon county
KY,21,145,McCracken County,Kentucky,23,21145,mccracken county
KY,21,147,McCreary County,Kentucky,23,21147,mccreary county
KY,21,149,McLean County,Kentucky,23,21149,mclean county
KY,21,151,Madison County,Kentucky,23,21151,madison county
KY,21,153,Magoffin County,Kentucky,23,21153,magoffin county
KY,21,155,Marion County,Kentucky,23,21155,marion county
KY,21,157,Marshall County,Kentucky,23,21157,marshall county
KY,21,159,Martin County,Kentucky,23,21159,martin county
KY,21,161,Mason County,Kentucky,23,21161,mason county
KY,21,163,Meade County,Kentucky,23,21163,meade county
KY,21,165,Menifee County,Kentucky,23,21165,menifee county
KY,21,167,Mercer County,Kentucky,23,21167,mercer county
KY,21,169,Metcalfe County,Kentucky,23,21169,metcalfe county
KY,21,171,Monroe County,Kentucky,23,21171,monroe county
KY,21,173,Montgomery County,Kentucky,23,21173,montgomery county
KY,21,175,Morgan County,Kentucky,23,21175,morgan county
KY,21,177,Muhlenberg County,Kentucky,23,21177,muhlenberg county
KY,21,179,Nelson County,Kentucky,23,21179,nelson county
KY,21,181,Nicholas County,Kentucky,23,21181,nicholas county
KY,21,183,Ohio County,Kentucky,23,21183,ohio county
KY,21,185,Oldham County,Kentucky,23,21185,oldham county
KY,21,187,Owen County,Kentucky,23,21187,owen county
KY,21,189,Owsley County,Kentucky,23,21189,owsley county
KY,21,191,Pendleton County,Kentucky,23,21191,pendleton county
KY,21,193,Perry County,Kentucky,23,21193,perry county
KY,21,195,Pike County,Kentucky,23,21195,pike county
KY,21,197,Powell County,Kentucky,23,21197,powell county
KY,21,199,Pulaski County,Kentucky,23,21199,pulaski county
KY,21,201,Robertson County,Kentucky,23,21201,robertson county
KY,21,203,Rockcastle County,Kentucky,23,21203,rockcastle county
KY,21,205,Rowan County,Kentucky,23,21205,rowan county
KY,21,207,Russell County,Kentucky,23,21207,russell county
KY,21,209,Scott County,Kentucky,23,21209,scott county
KY,21,211,Shelby County,Kentucky,23,21211,shelby county
KY,21,213,Simpson County,Kentucky,23,21213,simpson county
KY,21,215,Spencer County,Kentucky,23,21215,spencer county
KY,21,217,Taylor County,Kentucky,23,21217,taylor county
KY,21,219,Todd County,Kentucky,23,21219,todd county
KY,21,221,Trigg County,Kentucky,23,21221,trigg county
KY,21,223,Trimble County,Kentucky,23,21223,trimble county
KY,21,225,Union County,Kentucky,23,21225,union county
KY,21,227,Warren County,Kentucky,23,21227,warren county
KY,21,229,Washington County,Kentucky,23,21229,washington county
KY,21,231,Wayne County,Kentucky,23,21231,wayne county
KY,21,233,Webster County,Kentucky,23,21233,webster county
KY,21,235,Whitley County,Kentucky,23,21235,whitley county
KY,21,237,Wolfe County,Kentucky,23,21237,wolfe county
KY,21,239,Woodford County,Kentucky,23,21239,woodford county
LA,22,001,Acadia Parish,Louisiana,24,22001,acadia parish
LA,22,003,Allen Parish,Louisiana,24,22003,allen parish
LA,22,005,Ascension Parish,Louisiana,24,22005,ascension parish
LA,22,007,Assumption Parish,Louisiana,24,22007,assumption parish
LA,22,009,Avoyelles Parish,Louisiana,24,22009,avoyelles parish
LA,22,011,Beauregard Parish,Louisiana,24,22011,beauregard parish
LA,22,013,Bienville Parish,Louisiana,24,22013,bienville parish
LA,22,015,Bossier Parish,Louisiana,24,22015,bossier parish
LA,22,017,Caddo Parish,Louisiana,24,22017,caddo parish
LA,22,019,Calcasieu Parish,Louisiana,24,22019,calcasieu parish
LA,22,021,Caldwell Parish,Louisiana,24,22021,caldwell parish
LA,22,023,Cameron Parish,Louisiana,24,22023,cameron parish
LA,22,025,Catahoula Parish,Louisiana,24,22025,catahoula parish
LA,22,027,Claiborne Parish,Louisiana,24,22027,claiborne parish
LA,22,029,Concordia Parish,Louisiana,24,22029,concordia parish
LA,22,031,De Soto Parish,Louisiana,24,22031,de soto parish
LA,22,033,East Baton Rouge Parish,Louisiana,24,22033,east baton rouge parish
LA,22,035,East Carroll Parish,Louisiana,24,22035,east carroll parish
LA,22,037,East Feliciana Parish,Louisiana,24,22037,east feliciana parish
LA,22,039,Evangeline Parish,Louisiana,24,22039,evangeline parish
LA,22,041,Franklin Parish,Louisiana,24,22041,franklin parish
LA,22,043,Grant Parish,Louisiana,24,22043,grant parish
LA,22,045,Iberia Parish,Louisiana,24,22045,iberia parish
LA,22,047,Iberville Parish,Louisiana,24,22047,iberville parish
LA,22,049,Jackson Parish,Louisiana,24,22049,jackson parish
LA,22,051,Jefferson Parish,Louisiana,24,22051,jefferson parish
LA,22,053,Jefferson Davis Parish,Louisiana,24,22053,jefferson davis parish
LA,22,055,Lafayette Parish,Louisiana,24,22055,lafayette parish
LA,22,057,Lafourche Parish,Louisiana,24,22057,lafourche parish
LA,22,059,LaSalle Parish,Louisiana,24,22059,lasalle parish
LA,22,061,Lincoln Parish,Louisiana,24,22061,lincoln parish
LA,22,063,Livingston Parish,Louisiana,24,22063,livingston parish
LA,22,065,Madison Parish,Louisiana,24,22065,madison parish
LA,22,067,Morehouse Parish,Louisiana,24,22067,morehouse parish
LA,22,069,Natchitoches Parish,Louisiana,24,22069,natchitoches parish
LA,22,071,Orleans Parish,Louisiana,24,22071,orleans parish
LA,22,073,Ouachita Parish,Louisiana,24,22073,ouachita parish
LA,22,075,Plaquemines Parish,Louisiana,24,22075,plaquemines parish
LA,22,077,Pointe Coupee Parish,Louisiana,24,22077,pointe coupee parish
LA,22,079,Rapides Parish,Louisiana,24,22079,rapides parish
LA,22,081,Red River Parish,Louisiana,24,22081,red river parish
LA,22,083,Richland Parish,Louisiana,24,22083,richland parish
LA,22,085,Sabine Parish,Louisiana,24,22085,sabine parish
LA,22,087,St. Bernard Parish,Louisiana,24,22087,st. bernard parish
LA,22,089,St. Charles Parish,Louisiana,24,22089,st. charles parish
LA,22,091,St. Helena Parish,Louisiana,24,22091,st. helena parish
LA,22,093,St. James Parish,Louisiana,24,22093,st. james parish
LA,22,095,St. John the Baptist Parish,Louisiana,24,22095,st. john the baptist parish
LA,22,097,St. Landry Parish,Louisiana,24,22097,st. landry parish
LA,22,099,St. Martin Parish,Louisiana,24,22099,st. martin parish
LA,22,101,St. Mary Parish,Louisiana,24,22101,st. mary parish
LA,22,103,St. Tammany Parish,Louisiana,24,22103,st. tammany parish
LA,22,105,Tangipahoa Parish,Louisiana,24,22105,tangipahoa parish
LA,22,107,Tensas Parish,Louisiana,24,22107,tensas parish
LA,22,109,Terrebonne Parish,Louisiana,24,22109,terrebonne parish
LA,22,111,Union Parish,Louisiana,24,22111,union parish
LA,22,113,Vermilion Parish,Louisiana,24,22113,vermilion parish
LA,22,115,Vernon Parish,Louisiana,24,22115,vernon parish
LA,22,117,Washington Parish,Louisiana,24,22117,washington parish
LA,22,119,Webster Parish,Louisiana,24,22119,webster parish
LA,22,121,West Baton Rouge Parish,Louisiana,24,22121,west baton rouge parish
LA,22,123,West Carroll Parish,Louisiana,24,22123,west carroll parish
LA,22,125,West Feliciana Parish,Louisiana,24,22125,west feliciana parish
LA,22,127,Winn Parish,Louisiana,24,22127,winn parish
ME,23,001,Androscoggin County,Maine,25,23001,androscoggin county
ME,23,003,Aroostook County,Maine,25,23003,aroostook county
ME,23,005,Cumberland County,Maine,25,23005,cumberland county
ME,23,007,Franklin County,Maine,25,23007,franklin county
ME,23,009,Hancock County,Maine,25,23009,hancock county
ME,23,011,Kennebec County,Maine,25,23011,kennebec county
ME,23,013,Knox County,Maine,25,23013,knox county
ME,23,015,Lincoln County,Maine,25,23015,lincoln county
ME,23,017,Oxford County,Maine,25,23017,oxford county
ME,23,019,Penobscot County,Maine,25,23019,penobscot county
ME,23,021,Piscataquis County,Maine,25,23021,piscataquis county
ME,23,023,Sagadahoc County,Maine,25,23023,sagadahoc county
ME,23,025,Somerset County,Maine,25,23025,somerset county
ME,23,027,Waldo County,Maine,25,23027,waldo county
ME,23,029,Washington County,Maine,25,23029,washington county
ME,23,031,York County,Maine,25,23031,york county
MD,24,001,Allegany County,Maryland,26,24001,allegany county
MD,24,003,Anne Arundel County,Maryland,26,24003,anne arundel county
MD,24,005,Baltimore County,Maryland,26,24005,baltimore county
MD,24,009,Calvert County,Maryland,26,24009,calvert county
MD,24,011,Caroline County,Maryland,26,24011,caroline county
MD,24,013,Carroll County,Maryland,26,24013,carroll county
MD,24,015,Cecil County,Maryland,26,24015,cecil county
MD,24,017,Charles County,Maryland,26,24017,charles county
MD,24,019,Dorchester County,Maryland,26,24019,dorchester county
MD,24,021,Frederick County,Maryland,26,24021,frederick county
MD,24,023,Garrett County,Maryland,26,24023,garrett county
MD,24,025,Harford County,Maryland,26,24025,harford county
MD,24,027,Howard County,Maryland,26,24027,howard county
MD,24,029,Kent County,Maryland,26,24029,kent county
MD,24,031,Montgomery County,Maryland,26,24031,montgomery county
MD,24,033,Prince George's County,Maryland,26,24033,prince george's county
MD,24,035,Queen Anne's County,Maryland,26,24035,queen anne's county
MD,24,037,St. Mary's County,Maryland,26,24037,st. mary's county
MD,24,039,Somerset County,Maryland,26,24039,somerset county
MD,24,041,Talbot County,Maryland,26,24041,talbot county
MD,24,043,Washington County,Maryland,26,24043,washington county
MD,24,045,Wicomico County,Maryland,26,24045,wicomico county
MD,24,047,Worcester County,Maryland,26,24047,worcester county
MD,24,510,Baltimore city,Maryland,26,24510,baltimore city
MA,25,001,Barnstable County,Massachusetts,27,25001,barnstable county
MA,25,003,Berkshire County,Massachusetts,27,25003,berkshire county
MA,25,005,Bristol County,Massachusetts,27,25005,bristol county
MA,25,007,Dukes County,Massachusetts,27,25007,dukes county
MA,25,009,Essex County,Massachusetts,27,25009,essex county
MA,25,011,Franklin County,Massachusetts,27,25011,franklin county
MA,25,013,Hampden County,Massachusetts,27,25013,hampden county
MA,25,015,Hampshire County,Massachusetts,27,25015,hampshire county
MA,25,017,Middlesex County,Massachusetts,27,25017,middlesex county
MA,25,019,Nantucket County,Massachusetts,27,25019,nantucket county
MA,25,021,Norfolk County,Massachusetts,27,25021,norfolk county
MA,25,023,Plymouth County,Massachusetts,27,25023,plymouth county
MA,25,025,Suffolk County,Massachusetts,27,25025,suffolk county
MA,25,027,Worcester County,Massachusetts,27,25027,worcester county
MI,26,001,Alcona County,Michigan,28,26001,alcona county
MI,26,003,Alger County,Michigan,28,26003,alger county
MI,26,005,Allegan County,Michigan,28,26005,allegan county
MI,26,007,Alpena County,Michigan,28,26007,alpena county
MI,26,009,Antrim County,Michigan,28,26009,antrim county
MI,26,011,Arenac County,Michigan,28,26011,arenac county
MI,26,013,Baraga County,Michigan,28,26013,baraga county
MI,26,015,Barry County,Michigan,28,26015,barry county
MI,26,017,Bay County,Michigan,28,26017,bay county
MI,26,019,Benzie County,Michigan,28,26019,benzie county
MI,26,021,Berrien County,Michigan,28,26021,berrien county
MI,26,023,Branch County,Michigan,28,26023,branch county
MI,26,025,Calhoun County,Michigan,28,26025,calhoun county
MI,26,027,Cass County,Michigan,28,26027,cass county
MI,26,029,Charlevoix County,Michigan,28,26029,charlevoix county
MI,26,031,Cheboygan County,Michigan,28,26031,cheboygan county
MI,26,033,Chippewa County,Michigan,28,26033,chippewa county
MI,26,035,Clare County,Michigan,28,26035,clare county
MI,26,037,Clinton County,Michigan,28,26037,clinton county
MI,26,039,Crawford County,Michigan,28,26039,crawford county
MI,26,041,Delta County,Michigan,28,26041,delta county
MI,26,043,Dickinson County,Michigan,28,26043,dickinson county
MI,26,045,Eaton County,Michigan,28,26045,eaton county
MI,26,047,Emmet County,Michigan,28,26047,emmet county
MI,26,049,Genesee County,Michigan,28,26049,genesee county
MI,26,051,Gladwin County,Michigan,28,26051,gladwin county
MI,26,053,Gogebic County,Michigan,28,26053,gogebic county
MI,26,055,Grand Traverse County,Michigan,28,26055,grand traverse county
MI,26,057,Gratiot County,Michigan,28,26057,gratiot county
MI,26,059,Hillsdale County,Michigan,28,26059,hillsdale county
MI,26,061,Houghton County,Michigan,28,26061,houghton county
MI,26,063,Huron County,Michigan,28,26063,huron county
MI,26,065,Ingham County,Michigan,28,26065,ingham county
MI,26,067,Ionia County,Michigan,28,26067,ionia county
MI,26,069,Iosco County,Michigan,28,26069,iosco county
MI,26,071,Iron County,Michigan,28,26071,iron county
MI,26,073,Isabella County,Michigan,28,26073,isabella county
MI,26,075,Jackson County,Michigan,28,26075,jackson county
MI,26,077,Kalamazoo County,Michigan,28,26077,kalamazoo county
MI,26,079,Kalkaska County,Michigan,28,26079,kalkaska county
MI,26,081,Kent County,Michigan,28,26081,kent county
MI,26,083,Keweenaw County,Michigan,28,26083,keweenaw county
MI,26,085,Lake County,Michigan,28,26085,lake county
MI,26,087,Lapeer County,Michigan,28,26087,lapeer county
MI,26,089,Leelanau County,Michigan,28,26089,leelanau county
MI,26,091,Lenawee County,Michigan,28,26091,lenawee county
MI,26,093,Livingston County,Michigan,28,26093,livingston county
MI,26,095,Luce County,Michigan,28,26095,luce county
MI,26,097,Mackinac County,Michigan,28,26097,mackinac county
MI,26,099,Macomb County,Michigan,28,26099,macomb county
MI,26,101,Manistee County,Michigan,28,26101,manistee county
MI,26,103,Marquette County,Michigan,28,26103,marquette county
MI,26,105,Mason County,Michigan,28,26105,mason county
MI,26,107,Mecosta County,Michigan,28,26107,mecosta county
MI,26,109,Menominee County,Michigan,28,26109,menominee county
MI,26,111,Midland County,Michigan,28,26111,midland county
MI,26,113,Missaukee County,Michigan,28,26113,missaukee county
MI,26,115,Monroe County,Michigan,28,26115,monroe county
MI,26,117,Montcalm County,Michigan,28,26117,montcalm county
MI,26,119,Montmorency County,Michigan,28,26119,montmorency county
MI,26,121,Muskegon County,Michigan,28,26121,muskegon county
MI,26,123,Newaygo County,Michigan,28,26123,newaygo county
MI,26,125,Oakland County,Michigan,28,26125,oakland county
MI,26,127,Oceana County,Michigan,28,26127,oceana county
MI,26,129,Ogemaw County,Michigan,28,26129,ogemaw county
MI,26,131,Ontonagon County,Michigan,28,26131,ontonagon county
MI,26,133,Osceola County,Michigan,28,26133,osceola county
MI,26,135,Oscoda County,Michigan,28,26135,oscoda county
MI,26,137,Otsego County,Michigan,28,26137,otsego county
MI,26,139,Ottawa County,Michigan,28,26139,ottawa county
MI,26,141,Presque Isle County,Michigan,28,26141,presque isle county
MI,26,143,Roscommon County,Michigan,28,26143,roscommon county
MI,26,145,Saginaw County,Michigan,28,26145,saginaw county
MI,26,147,St. Clair County,Michigan,28,26147,st. clair county
MI,26,149,St. Joseph County,Michigan,28,26149,st. joseph county
MI,26,151,Sanilac County,Michigan,28,26151,sanilac county
MI,26,153,Schoolcraft County,Michigan,28,26153,schoolcraft county
MI,26,155,Shiawassee County,Michigan,28,26155,shiawassee county
MI,26,157,Tuscola County,Michigan,28,26157,tuscola county
MI,26,159,Van Buren County,Michigan,28,26159,van buren county
MI,26,161,Washtenaw County,Michigan,28,26161,washtenaw county
MI,26,163,Wayne County,Michigan,28,26163,wayne county
MI,26,165,Wexford County,Michigan,28,26165,wexford county
MN,27,001,Aitkin County,Minnesota,29,27001,aitkin county
MN,27,003,Anoka County,Minnesota,29,27003,anoka county
MN,27,005,Becker County,Minnesota,29,27005,becker county
MN,27,007,Beltrami County,Minnesota,29,27007,beltrami county
MN,27,009,Benton County,Minnesota,29,27009,benton county
MN,27,011,Big Stone County,Minnesota,29,27011,big stone county
MN,27,013,Blue Earth County,Minnesota,29,27013,blue earth county
MN,27,015,Brown County,Minnesota,29,27015,brown county
MN,27,017,Carlton County,Minnesota,29,27017,carlton county
MN,27,019,Carver County,Minnesota,29,27019,carver county
MN,27,021,Cass County,Minnesota,29,27021,cass county
MN,27,023,Chippewa County,Minnesota,29,27023,chippewa county
MN,27,025,Chisago County,Minnesota,29,27025,chisago county
MN,27,027,Clay County,Minnesota,29,27027,clay county
MN,27,029,Clearwater County,Minnesota,29,27029,clearwater county
MN,27,031,Cook County,Minnesota,29,27031,cook county
MN,27,033,Cottonwood County,Minnesota,29,27033,cottonwood county
MN,27,035,Crow Wing County,Minnesota,29,27035,crow wing county
MN,27,037,Dakota County,Minnesota,29,27037,dakota county
MN,27,039,Dodge County,Minnesota,29,27039,dodge county
MN,27,041,Douglas County,Minnesota,29,27041,douglas county
MN,27,043,Faribault County,Minnesota,29,27043,faribault county
MN,27,045,Fillmore County,Minnesota,29,27045,fillmore county
MN,27,047,Freeborn County,Minnesota,29,27047,freeborn county
MN,27,049,Goodhue County,Minnesota,29,27049,goodhue county
MN,27,051,Grant County,Minnesota,29,27051,grant county
MN,27,053,Hennepin County,Minnesota,29,27053,hennepin county
MN,27,055,Houston County,Minnesota,29,27055,houston county
MN,27,057,Hubbard County,Minnesota,29,27057,hubbard county
MN,27,059,Isanti County,Minnesota,29,27059,isanti county
MN,27,061,Itasca County,Minnesota,29,27061,itasca county
MN,27,063,Jackson County,Minnesota,29,27063,jackson county
MN,27,065,Kanabec County,Minnesota,29,27065,kanabec county
MN,27,067,Kandiyohi County,Minnesota,29,27067,kandiyohi county
MN,27,069,Kittson County,Minnesota,29,27069,kittson county
MN,27,071,Koochiching County,Minnesota,29,27071,koochiching county
MN,27,073,Lac qui Parle County,Minnesota,29,27073,lac qui parle county
MN,27,075,Lake County,Minnesota,29,27075,lake county
MN,27,077,Lake of the Woods County,Minnesota,29,27077,lake of the woods county
MN,27,079,Le Sueur County,Minnesota,29,27079,le sueur county
MN,27,081,Lincoln County,Minnesota,29,27081,lincoln county
MN,27,083,Lyon County,Minnesota,29,27083,lyon county
MN,27,085,McLeod County,Minnesota,29,27085,mcleod county
MN,27,087,Mahnomen County,Minnesota,29,27087,mahnomen county
MN,27,089,Marshall County,Minnesota,29,27089,marshall county
MN,27,091,Martin County,Minnesota,29,27091,martin county
MN,27,093,Meeker County,Minnesota,29,27093,meeker county
MN,27,095,Mille Lacs County,Minnesota,29,27095,mille lacs county
MN,27,097,Morrison County,Minnesota,29,27097,morrison county
MN,27,099,Mower County,Minnesota,29,27099,mower county
MN,27,101,Murray County,Minnesota,29,27101,murray county
MN,27,103,Nicollet County,Minnesota,29,27103,nicollet county
MN,27,105,Nobles County,Minnesota,29,27105,nobles county
MN,27,107,Norman County,Minnesota,29,27107,norman county
MN,27,109,Olmsted County,Minnesota,29,27109,olmsted county
MN,27,111,Otter Tail County,Minnesota,29,27111,otter tail county
MN,27,113,Pennington County,Minnesota,29,27113,pennington county
MN,27,115,Pine County,Minnesota,29,27115,pine county
MN,27,117,Pipestone County,Minnesota,29,27117,pipestone county
MN,27,119,Polk County,Minnesota,29,27119,polk county
MN,27,121,Pope County,Minnesota,29,27121,pope county
MN,27,123,Ramsey County,Minnesota,29,27123,ramsey county
MN,27,125,Red Lake County,Minnesota,29,27125,red lake county
MN,27,127,Redwood County,Minnesota,29,27127,redwood county
MN,27,129,Renville County,Minnesota,29,27129,renville county
MN,27,131,Rice County,Minnesota,29,27131,rice county
MN,27,133,Rock County,Minnesota,29,27133,rock county
MN,27,135,Roseau County,Minnesota,29,27135,roseau county
MN,27,137,St. Louis County,Minnesota,29,27137,st. louis county
MN,27,139,Scott County,Minnesota,29,27139,scott county
MN,27,141,Sherburne County,Minnesota,29,27141,sherburne county
MN,27,143,Sibley County,Minnesota,29,27143,sibley county
MN,27,145,Stearns County,Minnesota,29,27145,stearns county
MN,27,147,Steele County,Minnesota,29,27147,steele county
MN,27,149,Stevens County,Minnesota,29,27149,stevens county
MN,27,151,Swift County,Minnesota,29,27151,swift county
MN,27,153,Todd County,Minnesota,29,27153,todd county
MN,27,155,Traverse County,Minnesota,29,27155,traverse county
MN,27,157,Wabasha County,Minnesota,29,27157,wabasha county
MN,27,159,Wadena County,Minnesota,29,27159,wadena county
MN,27,161,Waseca County,Minnesota,29,27161,waseca county
MN,27,163,Washington County,Minnesota,29,27163,washington county
MN,27,165,Watonwan County,Minnesota,29,27165,watonwan county
MN,27,167,Wilkin County,Minnesota,29,27167,wilkin county
MN,27,169,Winona County,Minnesota,29,27169,winona county
MN,27,171,Wright County,Minnesota,29,27171,wright county
MN,27,173,Yellow Medicine County,Minnesota,29,27173,yellow medicine county
MS,28,001,Adams County,Mississippi,30,28001,adams county
MS,28,003,Alcorn County,Mississippi,30,28003,alcorn county
MS,28,005,Amite County,Mississippi,30,28005,amite county
MS,28,007,Attala County,Mississippi,30,28007,attala county
MS,28,009,Benton County,Mississippi,30,28009,benton county
MS,28,011,Bolivar County,Mississippi,30,28011,bolivar county
MS,28,013,Calhoun County,Mississippi,30,28013,calhoun county
MS,28,015,Carroll County,Mississippi,30,28015,carroll county
MS,28,017,Chickasaw County,Mississippi,30,28017,chickasaw county
MS,28,019,Choctaw County,Mississippi,30,28019,choctaw county
MS,28,021,Claiborne County,Mississippi,30,28021,claiborne county
MS,28,023,Clarke County,Mississippi,30,28023,clarke county
MS,28,025,Clay County,Mississippi,30,28025,clay county
MS,28,027,Coahoma County,Mississippi,30,28027,coahoma county
MS,28,029,Copiah County,Mississippi,30,28029,copiah county
MS,28,031,Covington County,Mississippi,30,28031,covington county
MS,28,033,DeSoto County,Mississippi,30,28033,desoto county
MS,28,035,Forrest County,Mississippi,30,28035,forrest county
MS,28,037,Franklin County,Mississippi,30,28037,franklin county
MS,28,039,George County,Mississippi,30,28039,george county
MS,28,041,Greene County,Mississippi,30,28041,greene county
MS,28,043,Grenada County,Mississippi,30,28043,grenada county
MS,28,045,Hancock County,Mississippi,30,28045,hancock county
MS,28,047,Harrison County,Mississippi,30,28047,harrison county
MS,28,049,Hinds County,Mississippi,30,28049,hinds county
MS,28,051,Holmes County,Mississippi,30,28051,holmes county
MS,28,053,Humphreys County,Mississippi,30,28053,humphreys county
MS,28,055,Issaquena County,Mississippi,30,28055,issaquena county
MS,28,057,Itawamba County,Mississippi,30,28057,itawamba county
MS,28,059,Jackson County,Mississippi,30,28059,jackson county
MS,28,061,Jasper County,Mississippi,30,28061,jasper county
MS,28,063,Jefferson County,Mississippi,30,28063,jefferson county
MS,28,065,Jefferson Davis County,Mississippi,30,28065,jefferson davis county
MS,28,067,Jones County,Mississippi,30,28067,jones county
MS,28,069,Kemper County,Mississippi,30,28069,kemper county
MS,28,071,Lafayette County,Mississippi,30,28071,lafayette county
MS,28,073,Lamar County,Mississippi,30,28073,lamar county
MS,28,075,Lauderdale County,Mississippi,30,28075,lauderdale county
MS,28,077,Lawrence County,Mississippi,30,28077,lawrence county
MS,28,079,Leake County,Mississippi,30,28079,leake county
MS,28,081,Lee County,Mississippi,30,28081,lee county
MS,28,083,Leflore County,Mississippi,30,28083,leflore county
MS,28,085,Lincoln County,Mississippi,30,28085,lincoln county
MS,28,087,Lowndes County,Mississippi,30,28087,lowndes county
MS,28,089,Madison County,Mississippi,30,28089,madison county
MS,28,091,Marion County,Mississippi,30,28091,marion county
MS,28,093,Marshall County,Mississippi,30,28093,marshall county
MS,28,095,Monroe County,Mississippi,30,28095,monroe county
MS,28,097,Montgomery County,Mississippi,30,28097,montgomery county
MS,28,099,Neshoba County,Mississippi,30,28099,neshoba county
MS,28,101,Newton County,Mississippi,30,28101,newton county
MS,28,103,Noxubee County,Mississippi,30,28103,noxubee county
MS,28,105,Oktibbeha County,Mississippi,30,28105,oktibbeha county
MS,28,107,Panola County,Mississippi,30,28107,panola county
MS,28,109,Pearl River County,Mississippi,30,28109,pearl river county
MS,28,111,Perry County,Mississippi,30,28111,perry county
MS,28,113,Pike County,Mississippi,30,28113,pike county
MS,28,115,Pontotoc County,Mississippi,30,28115,pontotoc county
MS,28,117,Prentiss County,Mississippi,30,28117,prentiss county
MS,28,119,Quitman County,Mississippi,30,28119,quitman county
MS,28,121,Rankin County,Mississippi,30,28121,rankin county
MS,28,123,Scott County,Mississippi,30,28123,scott county
MS,28,125,Sharkey County,Mississippi,30,28125,sharkey county
MS,28,127,Simpson County,Mississippi,30,28127,simpson county
MS,28,129,Smith County,Mississippi,30,28129,smith county
MS,28,131,Stone County,Mississippi,30,28131,stone county
MS,28,133,Sunflower County,Mississippi,30,28133,sunflower county
MS,28,135,Tallahatchie County,Mississippi,30,28135,tallahatchie county
MS,28,137,Tate County,Mississippi,30,28137,tate county
MS,28,139,Tippah County,Mississippi,30,28139,tippah county
MS,28,141,Tishomingo County,Mississippi,30,28141,tishomingo county
MS,28,143,Tunica County,Mississippi,30,28143,tunica county
MS,28,145,Union County,Mississippi,30,28145,union county
MS,28,147,Walthall County,Mississippi,30,28147,walthall county
MS,28,149,Warren County,Mississippi,30,28149,warren county
MS,28,151,Washington County,Mississippi,30,28151,washington county
MS,28,153,Wayne County,Mississippi,30,28153,wayne county
MS,28,155,Webster County,Mississippi,30,28155,webster county
MS,28,157,Wilkinson County,Mississippi,30,28157,wilkinson county
MS,28,159,Winston County,Mississippi,30,28159,winston county
MS,28,161,Yalobusha County,Mississippi,30,28161,yalobusha county
MS,28,163,Yazoo County,Mississippi,30,28163,yazoo county
MO,29,001,Adair County,Missouri,31,29001,adair county
MO,29,003,Andrew County,Missouri,31,29003,andrew county
MO,29,005,Atchison County,Missouri,31,29005,atchison county
MO,29,007,Audrain County,Missouri,31,29007,audrain county
MO,29,009,Barry County,Missouri,31,29009,barry county
MO,29,011,Barton County,Missouri,31,29011,barton county
MO,29,013,Bates County,Missouri,31,29013,bates county
MO,29,015,Benton County,Missouri,31,29015,benton county
MO,29,017,Bollinger County,Missouri,31,29017,bollinger county
MO,29,019,Boone County,Missouri,31,29019,boone county
MO,29,021,Buchanan County,Missouri,31,29021,buchanan county
MO,29,023,Butler County,Missouri,31,29023,butler county
MO,29,025,Caldwell County,Missouri,31,29025,caldwell county
MO,29,027,Callaway County,Missouri,31,29027,callaway county
MO,29,029,Camden County,Missouri,31,29029,camden county
MO,29,031,Cape Girardeau County,Missouri,31,29031,cape girardeau county
MO,29,033,Carroll County,Missouri,31,29033,carroll county
MO,29,035,Carter County,Missouri,31,29035,carter county
MO,29,037,Cass County,Missouri,31,29037,cass county
MO,29,039,Cedar County,Missouri,31,29039,cedar county
MO,29,041,Chariton County,Missouri,31,29041,chariton county
MO,29,043,Christian County,Missouri,31,29043,christian county
MO,29,045,Clark County,Missouri,31,29045,clark county
MO,29,047,Clay County,Missouri,31,29047,clay county
MO,29,049,Clinton County,Missouri,31,29049,clinton county
MO,29,051,Cole County,Missouri,31,29051,cole county
MO,29,053,Cooper County,Missouri,31,29053,cooper county
MO,29,055,Crawford County,Missouri,31,29055,crawford county
MO,29,057,Dade County,Missouri,31,29057,dade county
MO,29,059,Dallas County,Missouri,31,29059,dallas county
MO,29,061,Daviess County,Missouri,31,29061,daviess county
MO,29,063,DeKalb County,Missouri,31,29063,dekalb county
MO,29,065,Dent County,Missouri,31,29065,dent county
MO,29,067,Douglas County,Missouri,31,29067,douglas county
MO,29,069,Dunklin County,Missouri,31,29069,dunklin county
MO,29,071,Franklin County,Missouri,31,29071,franklin county
MO,29,073,Gasconade County,Missouri,31,29073,gasconade county
MO,29,075,Gentry County,Missouri,31,29075,gentry county
MO,29,077,Greene County,Missouri,31,29077,greene county
MO,29,079,Grundy County,Missouri,31,29079,grundy county
MO,29,081,Harrison County,Missouri,31,29081,harrison county
MO,29,083,Henry County,Missouri,31,29083,henry county
MO,29,085,Hickory County,Missouri,31,29085,hickory county
MO,29,087,Holt County,Missouri,31,29087,holt county
MO,29,089,Howard County,Missouri,31,29089,howard county
MO,29,091,Howell County,Missouri,31,29091,howell county
MO,29,093,Iron County,Missouri,31,29093,iron county
MO,29,095,Jackson County,Missouri,31,29095,jackson county
MO,29,097,Jasper County,Missouri,31,29097,jasper county
MO,29,099,Jefferson County,Missouri,31,29099,jefferson county
MO,29,101,Johnson County,Missouri,31,29101,johnson county
MO,29,103,Knox County,Missouri,31,29103,knox county
MO,29,105,Laclede County,Missouri,31,29105,laclede county
MO,29,107,Lafayette County,Missouri,31,29107,lafayette county
MO,29,109,Lawrence County,Missouri,31,29109,lawrence county
MO,29,111,Lewis County,Missouri,31,29111,lewis county
MO,29,113,Lincoln County,Missouri,31,29113,lincoln county
MO,29,115,Linn County,Missouri,31,29115,linn county
MO,29,117,Livingston County,Missouri,31,29117,livingston county
MO,29,119,McDonald County,Missouri,31,29119,mcdonald county
MO,29,121,Macon County,Missouri,31,29121,macon county
MO,29,123,Madison County,Missouri,31,29123,madison county
MO,29,125,Maries County,Missouri,31,29125,maries county
MO,29,127,Marion County,Missouri,31,29127,marion county
MO,29,129,Mercer County,Missouri,31,29129,mercer county
MO,29,131,Miller County,Missouri,31,29131,miller county
MO,29,133,Mississippi County,Missouri,31,29133,mississippi county
MO,29,135,Moniteau County,Missouri,31,29135,moniteau county
MO,29,137,Monroe County,Missouri,31,29137,monroe county
MO,29,139,Montgomery County,Missouri,31,29139,montgomery county
MO,29,141,Morgan County,Missouri,31,29141,morgan county
MO,29,143,New Madrid County,Missouri,31,29143,new madrid county
MO,29,145,Newton County,Missouri,31,29145,newton county
MO,29,147,Nodaway County,Missouri,31,29147,nodaway county
MO,29,149,Oregon County,Missouri,31,29149,oregon county
MO,29,151,Osage County,Missouri,31,29151,osage county
MO,29,153,Ozark County,Missouri,31,29153,ozark county
MO,29,155,Pemiscot County,Missouri,31,29155,pemiscot county
MO,29,157,Perry County,Missouri,31,29157,perry county
MO,29,159,Pettis County,Missouri,31,29159,pettis county
MO,29,161,Phelps County,Missouri,31,29161,phelps county
MO,29,163,Pike County,Missouri,31,29163,pike county
MO,29,165,Platte County,Missouri,31,29165,platte county
MO,29,167,Polk County,Missouri,31,29167,polk county
MO,29,169,Pulaski County,Missouri,31,29169,pulaski county
MO,29,171,Putnam County,Missouri,31,29171,putnam county
MO,29,173,Ralls County,Missouri,31,29173,ralls county
MO,29,175,Randolph County,Missouri,31,29175,randolph county
MO,29,177,Ray County,Missouri,31,29177,ray county
MO,29,179,Reynolds County,Missouri,31,29179,reynolds county
MO,29,181,Ripley County,Missouri,31,29181,ripley county
MO,29,183,St. Charles County,Missouri,31,29183,st. charles county
MO,29,185,St. Clair County,Missouri,31,29185,st. clair county
MO,29,186,Ste. Genevieve County,Missouri,31,29186,ste. genevieve county
MO,29,187,St. Francois County,Missouri,31,29187,st. francois county
MO,29,189,St. Louis County,Missouri,31,29189,st. louis county
MO,29,195,Saline County,Missouri,31,29195,saline county
MO,29,197,Schuyler County,Missouri,31,29197,schuyler county
MO,29,199,Scotland County,Missouri,31,29199,scotland county
MO,29,201,Scott County,Missouri,31,29201,scott county
MO,29,203,Shannon County,Missouri,31,29203,shannon county
MO,29,205,Shelby County,Missouri,31,29205,shelby county
MO,29,207,Stoddard County,Missouri,31,29207,stoddard county
MO,29,209,Stone County,Missouri,31,29209,stone county
MO,29,211,Sullivan County,Missouri,31,29211,sullivan county
MO,29,213,Taney County,Missouri,31,29213,taney county
MO,29,215,Texas County,Missouri,31,29215,texas county
MO,29,217,Vernon County,Missouri,31,29217,vernon county
MO,29,219,Warren County,Missouri,31,29219,warren county
MO,29,221,Washington County,Missouri,31,29221,washington county
MO,29,223,Wayne County,Missouri,31,29223,wayne county
MO,29,225,Webster County,Missouri,31,29225,webster county
MO,29,227,Worth County,Missouri,31,29227,worth county
MO,29,229,Wright County,Missouri,31,29229,wright county
MO,29,510,St. Louis city,Missouri,31,29510,st. louis city
MT,30,001,Beaverhead County,Montana,32,30001,beaverhead county
MT,30,003,Big Horn County,Montana,32,30003,big horn county
MT,30,005,Blaine County,Montana,32,30005,blaine county
MT,30,007,Broadwater County,Montana,32,30007,broadwater county
MT,30,009,Carbon County,Montana,32,30009,carbon county
MT,30,011,Carter County,Montana,32,30011,carter county
MT,30,013,Cascade County,Montana,32,30013,cascade county
MT,30,015,Chouteau County,Montana,32,30015,chouteau county
MT,30,017,Custer County,Montana,32,30017,custer county
MT,30,019,Daniels County,Montana,32,30019,daniels county
MT,30,021,Dawson County,Montana,32,30021,dawson county
MT,30,023,Deer Lodge County,Montana,32,30023,deer lodge county
MT,30,025,Fallon County,Montana,32,30025,fallon county
MT,30,027,Fergus County,Montana,32,30027,fergus county
MT,30,029,Flathead County,Montana,32,30029,flathead county
MT,30,031,Gallatin County,Montana,32,30031,gallatin county
MT,30,033,Garfield County,Montana,32,30033,garfield county
MT,30,035,Glacier County,Montana,32,30035,glacier county
MT,30,037,Golden Valley County,Montana,32,30037,golden valley county
MT,30,039,Granite County,Montana,32,30039,granite county
MT,30,041,Hill County,Montana,32,30041,hill county
MT,30,043,Jefferson County,Montana,32,30043,jefferson county
MT,30,045,Judith Basin County,Montana,32,30045,judith basin county
MT,30,047,Lake County,Montana,32,30047,lake county
MT,30,049,Lewis and Clark County,Montana,32,30049,lewis and clark county
MT,30,051,Liberty County,Montana,32,30051,liberty county
MT,30,053,Lincoln County,Montana,32,30053,lincoln county
MT,30,055,McCone County,Montana,32,30055,mccone county
MT,30,057,Madison County,Montana,32,30057,madison county
MT,30,059,Meagher County,Montana,32,30059,meagher county
MT,30,061,Mineral County,Montana,32,30061,mineral county
MT,30,063,Missoula County,Montana,32,30063,missoula county
MT,30,065,Musselshell County,Montana,32,30065,musselshell county
MT,30,067,Park County,Montana,32,30067,park county
MT,30,069,Petroleum County,Montana,32,30069,petroleum county
MT,30,071,Phillips County,Montana,32,30071,phillips county
MT,30,073,Pondera County,Montana,32,30073,pondera county
MT,30,075,Powder River County,Montana,32,30075,powder river county
MT,30,077,Powell County,Montana,32,30077,powell county
MT,30,079,Prairie County,Montana,32,30079,prairie county
MT,30,081,Ravalli County,Montana,32,30081,ravalli county
MT,30,083,Richland County,Montana,32,30083,richland county
MT,30,085,Roosevelt County,Montana,32,30085,roosevelt county
MT,30,087,Rosebud County,Montana,32,30087,rosebud county
MT,30,089,Sanders County,Montana,32,30089,sanders county
MT,30,091,Sheridan County,Montana,32,30091,sheridan county
MT,30,093,Silver Bow County,Montana,32,30093,silver bow county
MT,30,095,Stillwater County,Montana,32,30095,stillwater county
MT,30,097,Sweet Grass County,Montana,32,30097,sweet grass county
MT,30,099,Teton County,Montana,32,30099,teton county
MT,30,101,Toole County,Montana,32,30101,toole county
MT,30,103,Treasure County,Montana,32,30103,treasure county
MT,30,105,Valley County,Montana,32,30105,valley county
MT,30,107,Wheatland County,Montana,32,30107,wheatland county
MT,30,109,Wibaux County,Montana,32,30109,wibaux county
MT,30,111,Yellowstone County,Montana,32,30111,yellowstone county
NE,31,001,Adams County,Nebraska,33,31001,adams county
NE,31,003,Antelope County,Nebraska,33,31003,antelope county
NE,31,005,Arthur County,Nebraska,33,31005,arthur county
NE,31,007,Banner County,Nebraska,33,31007,banner county
NE,31,009,Blaine County,Nebraska,33,31009,blaine county
NE,31,011,Boone County,Nebraska,33,31011,boone county
NE,31,013,Box Butte County,Nebraska,33,31013,box butte county
NE,31,015,Boyd County,Nebraska,33,31015,boyd county
NE,31,017,Brown County,Nebraska,33,31017,brown county
NE,31,019,Buffalo County,Nebraska,33,31019,buffalo county
NE,31,021,Burt County,Nebraska,33,31021,burt county
NE,31,023,Butler County,Nebraska,33,31023,butler county
NE,31,025,Cass County,Nebraska,33,31025,cass county
NE,31,027,Cedar County,Nebraska,33,31027,cedar county
NE,31,029,Chase County,Nebraska,33,31029,chase county
NE,31,031,Cherry County,Nebraska,33,31031,cherry county
NE,31,033,Cheyenne County,Nebraska,33,31033,cheyenne county
NE,31,035,Clay County,Nebraska,33,31035,clay county
NE,31,037,Colfax County,Nebraska,33,31037,colfax county
NE,31,039,Cuming County,Nebraska,33,31039,cuming county
NE,31,041,Custer County,Nebraska,33,31041,custer county
NE,31,043,Dakota County,Nebraska,33,31043,dakota county
NE,31,045,Dawes County,Nebraska,33,31045,dawes county
NE,31,047,Dawson County,Nebraska,33,31047,dawson county
NE,31,049,Deuel County,Nebraska,33,31049,deuel county
NE,31,051,Dixon County,Nebraska,33,31051,dixon county
NE,31,053,Dodge County,Nebraska,33,31053,dodge county
NE,31,055,Douglas County,Nebraska,33,31055,douglas county
NE,31,057,Dundy County,Nebraska,33,31057,dundy county
NE,31,059,Fillmore County,Nebraska,33,31059,fillmore county
NE,31,061,Franklin County,Nebraska,33,31061,franklin county
NE,31,063,Frontier County,Nebraska,33,31063,frontier county
NE,31,065,Furnas County,Nebraska,33,31065,furnas county
NE,31,067,Gage County,Nebraska,33,31067,gage county
NE,31,069,Garden County,Nebraska,33,31069,garden county
NE,31,071,Garfield County,Nebraska,33,31071,garfield county
NE,31,073,Gosper County,Nebraska,33,31073,gosper county
NE,31,075,Grant County,Nebraska,33,31075,grant county
NE,31,077,Greeley County,Nebraska,33,31077,greeley county
NE,31,079,Hall County,Nebraska,33,31079,hall county
NE,31,081,Hamilton County,Nebraska,33,31081,hamilton county
NE,31,083,Harlan County,Nebraska,33,31083,harlan county
NE,31,085,Hayes County,Nebraska,33,31085,hayes county
NE,31,087,Hitchcock County,Nebraska,33,31087,hitchcock county
NE,31,089,Holt County,Nebraska,33,31089,holt county
NE,31,091,Hooker County,Nebraska,33,31091,hooker county
NE,31,093,Howard County,Nebraska,33,31093,howard county
NE,31,095,Jefferson County,Nebraska,33,31095,jefferson county
NE,31,097,Johnson County,Nebraska,33,31097,johnson county
NE,31,099,Kearney County,Nebraska,33,31099,kearney county
NE,31,101,Keith County,Nebraska,33,31101,keith county
NE,31,103,Keya Paha County,Nebraska,33,31103,keya paha county
NE,31,105,Kimball County,Nebraska,33,31105,kimball county
NE,31,107,Knox County,Nebraska,33,31107,knox county
NE,31,109,Lancaster County,Nebraska,33,31109,lancaster county
NE,31,111,Lincoln County,Nebraska,33,31111,lincoln county
NE,31,113,Logan County,Nebraska,33,31113,logan county
NE,31,115,Loup County,Nebraska,33,31115,loup county
NE,31,117,McPherson County,Nebraska,33,31117,mcpherson county
NE,31,119,Madison County,Nebraska,33,31119,madison county
NE,31,121,Merrick County,Nebraska,33,31121,merrick county
NE,31,123,Morrill County,Nebraska,33,31123,morrill county
NE,31,125,Nance County,Nebraska,33,31125,nance county
NE,31,127,Nemaha County,Nebraska,33,31127,nemaha county
NE,31,129,Nuckolls County,Nebraska,33,31129,nuckolls county
NE,31,131,Otoe County,Nebraska,33,31131,otoe county
NE,31,133,Pawnee County,Nebraska,33,31133,pawnee county
NE,31,135,Perkins County,Nebraska,33,31135,perkins county
NE,31,137,Phelps County,Nebraska,33,31137,phelps county
NE,31,139,Pierce County,Nebraska,33,31139,pierce county
NE,31,141,Platte County,Nebraska,33,31141,platte county
NE,31,143,Polk County,Nebraska,33,31143,polk county
NE,31,145,Red Willow County,Nebraska,33,31145,red willow county
NE,31,147,Richardson County,Nebraska,33,31147,richardson county
NE,31,149,Rock County,Nebraska,33,31149,rock county
NE,31,151,Saline County,Nebraska,33,31151,saline county
NE,31,153,Sarpy County,Nebraska,33,31153,sarpy county
NE,31,155,Saunders County,Nebraska,33,31155,saunders county
NE,31,157,Scotts Bluff County,Nebraska,33,31157,scotts bluff county
NE,31,159,Seward County,Nebraska,33,31159,seward county
NE,31,161,Sheridan County,Nebraska,33,31161,sheridan county
NE,31,163,Sherman County,Nebraska,33,31163,sherman county
NE,31,165,Sioux County,Nebraska,33,31165,sioux county
NE,31,167,Stanton County,Nebraska,33,31167,stanton county
NE,31,169,Thayer County,Nebraska,33,31169,thayer county
NE,31,171,Thomas County,Nebraska,33,31171,thomas county
NE,31,173,Thurston County,Nebraska,33,31173,thurston county
NE,31,175,Valley County,Nebraska,33,31175,valley county
NE,31,177,Washington County,Nebraska,33,31177,washington county
NE,31,179,Wayne County,Nebraska,33,31179,wayne county
NE,31,181,Webster County,Nebraska,33,31181,webster county
NE,31,183,Wheeler County,Nebraska,33,31183,wheeler county
NE,31,185,York County,Nebraska,33,31185,york county
NV,32,001,Churchill County,Nevada,34,32001,churchill county
NV,32,003,Clark County,Nevada,34,32003,clark county
NV,32,005,Douglas County,Nevada,34,32005,douglas county
NV,32,007,Elko County,Nevada,34,32007,elko county
NV,32,009,Esmeralda County,Nevada,34,32009,esmeralda county
NV,32,011,Eureka County,Nevada,34,32011,eureka county
NV,32,013,Humboldt County,Nevada,34,32013,humboldt county
NV,32,015,Lander County,Nevada,34,32015,lander county
NV,32,017,Lincoln County,Nevada,34,32017,lincoln county
NV,32,019,Lyon County,Nevada,34,32019,lyon county
NV,32,021,Mineral County,Nevada,34,32021,mineral county
NV,32,023,Nye County,Nevada,34,32023,nye county
NV,32,027,Pershing County,Nevada,34,32027,pershing county
NV,32,029,Storey County,Nevada,34,32029,storey county
NV,32,031,Washoe County,Nevada,34,32031,washoe county
NV,32,033,White Pine County,Nevada,34,32033,white pine county
NV,32,510,Carson City,Nevada,34,32510,carson city
NH,33,001,Belknap County,New Hampshire,35,33001,belknap county
NH,33,003,Carroll County,New Hampshire,35,33003,carroll county
NH,33,005,Cheshire County,New Hampshire,35,33005,cheshire county
NH,33,007,Coos County,New Hampshire,35,33007,coos county
NH,33,009,Grafton County,New Hampshire,35,33009,grafton county
NH,33,011,Hillsborough County,New Hampshire,35,33011,hillsborough county
NH,33,013,Merrimack County,New Hampshire,35,33013,merrimack county
NH,33,015,Rockingham County,New Hampshire,35,33015,rockingham county
NH,33,017,Strafford County,New Hampshire,35,33017,strafford county
NH,33,019,Sullivan County,New Hampshire,35,33019,sullivan county
NJ,34,001,Atlantic County,New Jersey,36,34001,atlantic county
NJ,34,003,Bergen County,New Jersey,36,34003,bergen county
NJ,34,005,Burlington County,New Jersey,36,34005,burlington county
NJ,34,007,Camden County,New Jersey,36,34007,camden county
NJ,34,009,Cape May County,New Jersey,36,34009,cape may county
NJ,34,011,Cumberland County,New Jersey,36,34011,cumberland county
NJ,34,013,Essex County,New Jersey,36,34013,essex county
NJ,34,015,Gloucester County,New Jersey,36,34015,gloucester county
NJ,34,017,Hudson County,New Jersey,36,34017,hudson county
NJ,34,019,Hunterdon County,New Jersey,36,34019,hunterdon county
NJ,34,021,Mercer County,New Jersey,36,34021,mercer county
NJ,34,023,Middlesex County,New Jersey,36,34023,middlesex county
NJ,34,025,Monmouth County,New Jersey,36,34025,monmouth county
NJ,34,027,Morris County,New Jersey,36,34027,morris county
NJ,34,029,Ocean County,New Jersey,36,34029,ocean county
NJ,34,031,Passaic County,New Jersey,36,34031,passaic county
NJ,34,033,Salem County,New Jersey,36,34033,salem county
NJ,34,035,Somerset County,New Jersey,36,34035,somerset county
NJ,34,037,Sussex County,New Jersey,36,34037,sussex county
NJ,34,039,Union County,New Jersey,36,34039,union county
NJ,34,041,Warren County,New Jersey,36,34041,warren county
NM,35,001,Bernalillo County,New Mexico,37,35001,bernalillo county
NM,35,003,Catron County,New Mexico,37,35003,catron county
NM,35,005,Chaves County,New Mexico,37,35005,chaves county
NM,35,006,Cibola County,New Mexico,37,35006,cibola county
NM,35,007,Colfax County,New Mexico,37,35007,colfax county
NM,35,009,Curry County,New Mexico,37,35009,curry county
NM,35,011,De Baca County,New Mexico,37,35011,de baca county
NM,35,013,Doña Ana County,New Mexico,37,35013,dona ana county
NM,35,015,Eddy County,New Mexico,37,35015,eddy county
NM,35,017,Grant County,New Mexico,37,35017,grant county
NM,35,019,Guadalupe County,New Mexico,37,35019,guadalupe county
NM,35,021,Harding County,New Mexico,37,35021,harding county
NM,35,023,Hidalgo County,New Mexico,37,35023,hidalgo county
NM,35,025,Lea County,New Mexico,37,35025,lea county
NM,35,027,Lincoln County,New Mexico,37,35027,lincoln county
NM,35,028,Los Alamos County,New Mexico,37,35028,los alamos county
NM,35,029,Luna County,New Mexico,37,35029,luna county
NM,35,031,McKinley County,New Mexico,37,35031,mckinley county
NM,35,033,Mora County,New Mexico,37,35033,mora county
NM,35,035,Otero County,New Mexico,37,35035,otero county
NM,35,037,Quay County,New Mexico,37,35037,quay county
NM,35,039,Rio Arriba County,New Mexico,37,35039,rio arriba county
NM,35,041,Roosevelt County,New Mexico,37,35041,roosevelt county
NM,35,043,Sandoval County,New Mexico,37,35043,sandoval county
NM,35,045,San Juan County,New Mexico,37,35045,san juan county
NM,35,047,San Miguel County,New Mexico,37,35047,san miguel county
NM,35,049,Santa Fe County,New Mexico,37,35049,santa fe county
NM,35,051,Sierra County,New Mexico,37,35051,sierra county
NM,35,053,Socorro County,New Mexico,37,35053,socorro county
NM,35,055,Taos County,New Mexico,37,35055,taos county
NM,35,057,Torrance County,New Mexico,37,35057,torrance county
NM,35,059,Union County,New Mexico,37,35059,union county
NM,35,061,Valencia County,New Mexico,37,35061,valencia county
NY,36,001,Albany County,New York,38,36001,albany county
NY,36,003,Allegany County,New York,38,36003,allegany county
NY,36,005,Bronx County,New York,38,36005,bronx county
NY,36,007,Broome County,New York,38,36007,broome county
NY,36,009,Cattaraugus County,New York,38,36009,cattaraugus county
NY,36,011,Cayuga County,New York,38,36011,cayuga county
NY,36,013,Chautauqua County,New York,38,36013,chautauqua county
NY,36,015,Chemung County,New York,38,36015,chemung county
NY,36,017,Chenango County,New York,38,36017,chenango county
NY,36,019,Clinton County,New York,38,36019,clinton county
NY,36,021,Columbia County,New York,38,36021,columbia county
NY,36,023,Cortland County,New York,38,36023,cortland county
NY,36,025,Delaware County,New York,38,36025,delaware county
NY,36,027,Dutchess County,New York,38,36027,dutchess county
NY,36,029,Erie County,New York,38,36029,erie county
NY,36,031,Essex County,New York,38,36031,essex county
NY,36,033,Franklin County,New York,38,36033,franklin county
NY,36,035,Fulton County,New York,38,36035,fulton county
NY,36,037,Genesee County,New York,38,36037,genesee county
NY,36,039,Greene County,New York,38,36039,greene county
NY,36,041,Hamilton County,New York,38,36041,hamilton county
NY,36,043,Herkimer County,New York,38,36043,herkimer county
NY,36,045,Jefferson County,New York,38,36045,jefferson county
NY,36,047,Kings County,New York,38,36047,kings county
NY,36,049,Lewis County,New York,38,36049,lewis county
NY,36,051,Livingston County,New York,38,36051,livingston county
NY,36,053,Madison County,New York,38,36053,madison county
NY,36,055,Monroe County,New York,38,36055,monroe county
NY,36,057,Montgomery County,New York,38,36057,montgomery county
NY,36,059,Nassau County,New York,38,36059,nassau county
NY,36,061,New York County,New York,38,36061,new york county
NY,36,063,Niagara County,New York,38,36063,niagara county
NY,36,065,Oneida County,New York,38,36065,oneida county
NY,36,067,Onondaga County,New York,38,36067,onondaga county
NY,36,069,Ontario County,New York,38,36069,ontario county
NY,36,071,Orange County,New York,38,36071,orange county
NY,36,073,Orleans County,New York,38,36073,orleans county
NY,36,075,Oswego County,New York,38,36075,oswego county
NY,36,077,Otsego County,New York,38,36077,otsego county
NY,36,079,Putnam County,New York,38,36079,putnam county
NY,36,081,Queens County,New York,38,36081,queens county
NY,36,083,Rensselaer County,New York,38,36083,rensselaer county
NY,36,085,Richmond County,New York,38,36085,richmond county
NY,36,087,Rockland County,New York,38,36087,rockland county
NY,36,089,St. Lawrence County,New York,38,36089,st. lawrence county
NY,36,091,Saratoga County,New York,38,36091,saratoga county
NY,36,093,Schenectady County,New York,38,36093,schenectady county
NY,36,095,Schoharie County,New York,38,36095,schoharie county
NY,36,097,Schuyler County,New York,38,36097,schuyler county
NY,36,099,Seneca County,New York,38,36099,seneca county
NY,36,101,Steuben County,New York,38,36101,steuben county
NY,36,103,Suffolk County,New York,38,36103,suffolk county
NY,36,105,Sullivan County,New York,38,36105,sullivan county
NY,36,107,Tioga County,New York,38,36107,tioga county
NY,36,109,Tompkins County,New York,38,36109,tompkins county
NY,36,111,Ulster County,New York,38,36111,ulster county
NY,36,113,Warren County,New York,38,36113,warren county
NY,36,115,Washington County,New York,38,36115,washington county
NY,36,117,Wayne County,New York,38,36117,wayne county
NY,36,119,Westchester County,New York,38,36119,westchester county
NY,36,121,Wyoming County,New York,38,36121,wyoming county
NY,36,123,Yates County,New York,38,36123,yates county
NC,37,001,Alamance County,North Carolina,39,37001,alamance county
NC,37,003,Alexander County,North Carolina,39,37003,alexander county
NC,37,005,Alleghany County,North Carolina,39,37005,alleghany county
NC,37,007,Anson County,North Carolina,39,37007,anson county
NC,37,009,Ashe County,North Carolina,39,37009,ashe county
NC,37,011,Avery County,North Carolina,39,37011,avery county
NC,37,013,Beaufort County,North Carolina,39,37013,beaufort county
NC,37,015,Bertie County,North Carolina,39,37015,bertie county
NC,37,017,Bladen County,North Carolina,39,37017,bladen county
NC,37,019,Brunswick County,North Carolina,39,37019,brunswick county
NC,37,021,Buncombe County,North Carolina,39,37021,buncombe county
NC,37,023,Burke County,North Carolina,39,37023,burke county
NC,37,025,Cabarrus County,North Carolina,39,37025,cabarrus county
NC,37,027,Caldwell County,North Carolina,39,37027,caldwell county
NC,37,029,Camden County,North Carolina,39,37029,camden county
NC,37,031,Carteret County,North Carolina,39,37031,carteret county
NC,37,033,Caswell County,North Carolina,39,37033,caswell county
NC,37,035,Catawba County,North Carolina,39,37035,catawba county
NC,37,037,Chatham County,North Carolina,39,37037,chatham county
NC,37,039,Cherokee County,North Carolina,39,37039,cherokee county
NC,37,041,Chowan County,North Carolina,39,37041,chowan county
NC,37,043,Clay County,North Carolina,39,37043,clay county
NC,37,045,Cleveland County,North Carolina,39,37045,cleveland county
NC,37,047,Columbus County,North Carolina,39,37047,columbus county
NC,37,049,Craven County,North Carolina,39,37049,craven county
NC,37,051,Cumberland County,North Carolina,39,37051,cumberland county
NC,37,053,Currituck County,North Carolina,39,37053,currituck county
NC,37,055,Dare County,North Carolina,39,37055,dare county
NC,37,057,Davidson County,North Carolina,39,37057,davidson county
NC,37,059,Davie County,North Carolina,39,37059,davie county
NC,37,061,Duplin County,North Carolina,39,37061,duplin county
NC,37,063,Durham County,North Carolina,39,37063,durham county
NC,37,065,Edgecombe County,North Carolina,39,37065,edgecombe county
NC,37,067,Forsyth County,North Carolina,39,37067,forsyth county
NC,37,069,Franklin County,North Carolina,39,37069,franklin county
NC,37,071,Gaston County,North Carolina,39,37071,gaston county
NC,37,073,Gates County,North Carolina,39,37073,gates county
NC,37,075,Graham County,North Carolina,39,37075,graham county
NC,37,077,Granville County,North Carolina,39,37077,granville county
NC,37,079,Greene County,North Carolina,39,37079,greene county
NC,37,081,Guilford County,North Carolina,39,37081,guilford county
NC,37,083,Halifax County,North Carolina,39,37083,halifax county
NC,37,085,Harnett County,North Carolina,39,37085,harnett county
NC,37,087,Haywood County,North Carolina,39,37087,haywood county
NC,37,089,Henderson County,North Carolina,39,37089,henderson county
NC,37,091,Hertford County,North Carolina,39,37091,hertford county
NC,37,093,Hoke County,North Carolina,39,37093,hoke county
NC,37,095,Hyde County,North Carolina,39,37095,hyde county
NC,37,097,Iredell County,North Carolina,39,37097,iredell county
NC,37,099,Jackson County,North Carolina,39,37099,jackson county
NC,37,101,Johnston County,North Carolina,39,37101,johnston county
NC,37,103,Jones County,North Carolina,39,37103,jones county
NC,37,105,Lee County,North Carolina,39,37105,lee county
NC,37,107,Lenoir County,North Carolina,39,37107,lenoir county
NC,37,109,Lincoln County,North Carolina,39,37109,lincoln county
NC,37,111,McDowell County,North Carolina,39,37111,mcdowell county
NC,37,113,Macon County,North Carolina,39,37113,macon county
NC,37,115,Madison County,North Carolina,39,37115,madison county
NC,37,117,Martin County,North Carolina,39,37117,martin county
NC,37,119,Mecklenburg County,North Carolina,39,37119,mecklenburg county
NC,37,121,Mitchell County,North Carolina,39,37121,mitchell county
NC,37,123,Montgomery County,North Carolina,39,37123,montgomery county
NC,37,125,Moore County,North Carolina,39,37125,moore county
NC,37,127,Nash County,North Carolina,39,37127,nash county
NC,37,129,New Hanover County,North Carolina,39,37129,new hanover county
NC,37,131,Northampton County,North Carolina,39,37131,northampton county
NC,37,133,Onslow County,North Carolina,39,37133,onslow county
NC,37,135,Orange County,North Carolina,39,37135,orange county
NC,37,137,Pamlico County,North Carolina,39,37137,pamlico county
NC,37,139,Pasquotank County,North Carolina,39,37139,pasquotank county
NC,37,141,Pender County,North Carolina,39,37141,pender county
NC,37,143,Perquimans County,North Carolina,39,37143,perquimans county
NC,37,145,Person County,North Carolina,39,37145,person county
NC,37,147,Pitt County,North Carolina,39,37147,pitt county
NC,37,149,Polk County,North Carolina,39,37149,polk county
NC,37,151,Randolph County,North Carolina,39,37151,randolph county
NC,37,153,Richmond County,North Carolina,39,37153,richmond county
NC,37,155,Robeson County,North Carolina,39,37155,robeson county
NC,37,157,Rockingham County,North Carolina,39,37157,rockingham county
NC,37,159,Rowan County,North Carolina,39,37159,rowan county
NC,37,161,Rutherford County,North Carolina,39,37161,rutherford county
NC,37,163,Sampson County,North Carolina,39,37163,sampson county
NC,37,165,Scotland County,North Carolina,39,37165,scotland county
NC,37,167,Stanly County,North Carolina,39,37167,stanly county
NC,37,169,Stokes County,North Carolina,39,37169,stokes county
NC,37,171,Surry County,North Carolina,39,37171,surry county
NC,37,173,Swain County,North Carolina,39,37173,swain county
NC,37,175,Transylvania County,North Carolina,39,37175,transylvania county
NC,37,177,Tyrrell County,North Carolina,39,37177,tyrrell county
NC,37,179,Union County,North Carolina,39,37179,union county
NC,37,181,Vance County,North Carolina,39,37181,vance county
NC,37,183,Wake County,North Carolina,39,37183,wake county
NC,37,185,Warren County,North Carolina,39,37185,warren county
NC,37,187,Washington County,North Carolina,39,37187,washington county
NC,37,189,Watauga County,North Carolina,39,37189,watauga county
NC,37,191,Wayne County,North Carolina,39,37191,wayne county
NC,37,193,Wilkes County,North Carolina,39,37193,wilkes county
NC,37,195,Wilson County,North Carolina,39,37195,wilson county
NC,37,197,Yadkin County,North Carolina,39,37197,yadkin county
NC,37,199,Yancey County,North Carolina,39,37199,yancey county
ND,38,001,Adams County,North Dakota,40,38001,adams county
ND,38,003,Barnes County,North Dakota,40,38003,barnes county
ND,38,005,Benson County,North Dakota,40,38005,benson county
ND,38,007,Billings County,North Dakota,40,38007,billings county
ND,38,009,Bottineau County,North Dakota,40,38009,bottineau county
ND,38,011,Bowman County,North Dakota,40,38011,bowman county
ND,38,013,Burke County,North Dakota,40,38013,burke county
ND,38,015,Burleigh County,North Dakota,40,38015,burleigh county
ND,38,017,Cass County,North Dakota,40,38017,cass county
ND,38,019,Cavalier County,North Dakota,40,38019,cavalier county
ND,38,021,Dickey County,North Dakota,40,38021,dickey county
ND,38,023,Divide County,North Dakota,40,38023,divide county
ND,38,025,Dunn County,North Dakota,40,38025,dunn county
ND,38,027,Eddy County,North Dakota,40,38027,eddy county
ND,38,029,Emmons County,North Dakota,40,38029,emmons county
ND,38,031,Foster County,North Dakota,40,38031,foster county
ND,38,033,Golden Valley County,North Dakota,40,38033,golden valley county
ND,38,035,Grand Forks County,North Dakota,40,38035,grand forks county
ND,38,037,Grant County,North Dakota,40,38037,grant county
ND,38,039,Griggs County,North Dakota,40,38039,griggs county
ND,38,041,Hettinger County,North Dakota,40,38041,hettinger county
ND,38,043,Kidder County,North Dakota,40,38043,kidder county
ND,38,045,LaMoure County,North Dakota,40,38045,lamoure county
ND,38,047,Logan County,North Dakota,40,38047,logan county
ND,38,049,McHenry County,North Dakota,40,38049,mchenry county
ND,38,051,McIntosh County,North Dakota,40,38051,mcintosh county
ND,38,053,McKenzie County,North Dakota,40,38053,mckenzie county
ND,38,055,McLean County,North Dakota,40,38055,mclean county
ND,38,057,Mercer County,North Dakota,40,38057,mercer county
ND,38,059,Morton County,North Dakota,40,38059,morton county
ND,38,061,Mountrail County,North Dakota,40,38061,mountrail county
ND,38,063,Nelson County,North Dakota,40,38063,nelson county
ND,38,065,Oliver County,North Dakota,40,38065,oliver county
ND,38,067,Pembina County,North Dakota,40,38067,pembina county
ND,38,069,Pierce County,North Dakota,40,38069,pierce county
ND,38,071,Ramsey County,North Dakota,40,38071,ramsey county
ND,38,073,Ransom County,North Dakota,40,38073,ransom county
ND,38,075,Renville County,North Dakota,40,38075,renville county
ND,38,077,Richland County,North Dakota,40,38077,richland county
ND,38,079,Rolette County,North Dakota,40,38079,rolette county
ND,38,081,Sargent County,North Dakota,40,38081,sargent county
ND,38,083,Sheridan County,North Dakota,40,38083,sheridan county
ND,38,085,Sioux County,North Dakota,40,38085,sioux county
ND,38,087,Slope County,North Dakota,40,38087,slope county
ND,38,089,Stark County,North Dakota,40,38089,stark county
ND,38,091,Steele County,North Dakota,40,38091,steele county
ND,38,093,Stutsman County,North Dakota,40,38093,stutsman county
ND,38,095,Towner County,North Dakota,40,38095,towner county
ND,38,097,Traill County,North Dakota,40,38097,traill county
ND,38,099,Walsh County,North Dakota,40,38099,walsh county
ND,38,101,Ward County,North Dakota,40,38101,ward county
ND,38,103,Wells County,North Dakota,40,38103,wells county
ND,38,105,Williams County,North Dakota,40,38105,williams county
OH,39,001,Adams County,Ohio,41,39001,adams county
OH,39,003,Allen County,Ohio,41,39003,allen county
OH,39,005,Ashland County,Ohio,41,39005,ashland county
OH,39,007,Ashtabula County,Ohio,41,39007,ashtabula county
OH,39,009,Athens County,Ohio,41,39009,athens county
OH,39,011,Auglaize County,Ohio,41,39011,auglaize county
OH,39,013,Belmont County,Ohio,41,39013,belmont county
OH,39,015,Brown County,Ohio,41,39015,brown county
OH,39,017,Butler County,Ohio,41,39017,butler county
OH,39,019,Carroll County,Ohio,41,39019,carroll county
OH,39,021,Champaign County,Ohio,41,39021,champaign county
OH,39,023,Clark County,Ohio,41,39023,clark county
OH,39,025,Clermont County,Ohio,41,39025,clermont county
OH,39,027,Clinton County,Ohio,41,39027,clinton county
OH,39,029,Columbiana County,Ohio,41,39029,columbiana county
OH,39,031,Coshocton County,Ohio,41,39031,coshocton county
OH,39,033,Crawford County,Ohio,41,39033,crawford county
OH,39,035,Cuyahoga County,Ohio,41,39035,cuyahoga county
OH,39,037,Darke County,Ohio,41,39037,darke county
OH,39,039,Defiance County,Ohio,41,39039,defiance county
OH,39,041,Delaware County,Ohio,41,39041,delaware county
OH,39,043,Erie County,Ohio,41,39043,erie county
OH,39,045,Fairfield County,Ohio,41,39045,fairfield county
OH,39,047,Fayette County,Ohio,41,39047,fayette county
OH,39,049,Franklin County,Ohio,41,39049,franklin county
OH,39,051,Fulton County,Ohio,41,39051,fulton county
OH,39,053,Gallia County,Ohio,41,39053,gallia county
OH,39,055,Geauga County,Ohio,41,39055,geauga county
OH,39,057,Greene County,Ohio,41,39057,greene county
OH,39,059,Guernsey County,Ohio,41,39059,guernsey county
OH,39,061,Hamilton County,Ohio,41,39061,hamilton county
OH,39,063,Hancock County,Ohio,41,39063,hancock county
OH,39,065,Hardin County,Ohio,41,39065,hardin county
OH,39,067,Harrison County,Ohio,41,39067,harrison county
OH,39,069,Henry County,Ohio,41,39069,henry county
OH,39,071,Highland County,Ohio,41,39071,highland county
OH,39,073,Hocking County,Ohio,41,39073,hocking county
OH,39,075,Holmes County,Ohio,41,39075,holmes county
OH,39,077,Huron County,Ohio,41,39077,huron county
OH,39,079,Jackson County,Ohio,41,39079,jackson county
OH,39,081,Jefferson County,Ohio,41,39081,jefferson county
OH,39,083,Knox County,Ohio,41,39083,knox county
OH,39,085,Lake County,Ohio,41,39085,lake county
OH,39,087,Lawrence County,Ohio,41,39087,lawrence county
OH,39,089,Licking County,Ohio,41,39089,licking county
OH,39,091,Logan County,Ohio,41,39091,logan county
OH,39,093,Lorain County,Ohio,41,39093,lorain county
OH,39,095,Lucas County,Ohio,41,39095,lucas county
OH,39,097,Madison County,Ohio,41,39097,madison county
OH,39,099,Mahoning County,Ohio,41,39099,mahoning county
OH,39,101,Marion County,Ohio,41,39101,marion county
OH,39,103,Medina County,Ohio,41,39103,medina county
OH,39,105,Meigs County,Ohio,41,39105,meigs county
OH,39,107,Mercer County,Ohio,41,39107,mercer county
OH,39,109,Miami County,Ohio,41,39109,miami county
OH,39,111,Monroe County,Ohio,41,39111,monroe county
OH,39,113,Montgomery County,Ohio,41,39113,montgomery county
OH,39,115,Morgan County,Ohio,41,39115,morgan county
OH,39,117,Morrow County,Ohio,41,39117,morrow county
OH,39,119,Muskingum County,Ohio,41,39119,muskingum county
OH,39,121,Noble County,Ohio,41,39121,noble county
OH,39,123,Ottawa County,Ohio,41,39123,ottawa county
OH,39,125,Paulding County,Ohio,41,39125,paulding county
OH,39,127,Perry County,Ohio,41,39127,perry county
OH,39,129,Pickaway County,Ohio,41,39129,pickaway county
OH,39,131,Pike County,Ohio,41,39131,pike county
OH,39,133,Portage County,Ohio,41,39133,portage county
OH,39,135,Preble County,Ohio,41,39135,preble county
OH,39,137,Putnam County,Ohio,41,39137,putnam county
OH,39,139,Richland County,Ohio,41,39139,richland county
OH,39,141,Ross County,Ohio,41,39141,ross county
OH,39,143,Sandusky County,Ohio,41,39143,sandusky county
OH,39,145,Scioto County,Ohio,41,39145,scioto county
OH,39,147,Seneca County,Ohio,41,39147,seneca county
OH,39,149,Shelby County,Ohio,41,39149,shelby county
OH,39,151,Stark County,Ohio,41,39151,stark county
OH,39,153,Summit County,Ohio,41,39153,summit county
OH,39,155,Trumbull County,Ohio,41,39155,trumbull county
OH,39,157,Tuscarawas County,Ohio,41,39157,tuscarawas county
OH,39,159,Union County,Ohio,41,39159,union county
OH,39,161,Van Wert County,Ohio,41,39161,van wert county
OH,39,163,Vinton County,Ohio,41,39163,vinton county
OH,39,165,Warren County,Ohio,41,39165,warren county
OH,39,167,Washington County,Ohio,41,39167,washington county
OH,39,169,Wayne County,Ohio,41,39169,wayne county
OH,39,171,Williams County,Ohio,41,39171,williams county
OH,39,173,Wood County,Ohio,41,39173,wood county
OH,39,175,Wyandot County,Ohio,41,39175,wyandot county
OK,40,001,Adair County,Oklahoma,42,40001,adair county
OK,40,003,Alfalfa County,Oklahoma,42,40003,alfalfa county
OK,40,005,Atoka County,Oklahoma,42,40005,atoka county
OK,40,007,Beaver County,Oklahoma,42,40007,beaver county
OK,40,009,Beckham County,Oklahoma,42,40009,beckham county
OK,40,011,Blaine County,Oklahoma,42,40011,blaine county
OK,40,013,Bryan County,Oklahoma,42,40013,bryan county
OK,40,015,Caddo County,Oklahoma,42,40015,caddo county
OK,40,017,Canadian County,Oklahoma,42,40017,canadian county
OK,40,019,Carter County,Oklahoma,42,40019,carter county
OK,40,021,Cherokee County,Oklahoma,42,40021,cherokee county
OK,40,023,Choctaw County,Oklahoma,42,40023,choctaw county
OK,40,025,Cimarron County,Oklahoma,42,40025,cimarron county
OK,40,027,Cleveland County,Oklahoma,42,40027,cleveland county
OK,40,029,Coal County,Oklahoma,42,40029,coal county
OK,40,031,Comanche County,Oklahoma,42,40031,comanche county
OK,40,033,Cotton County,Oklahoma,42,40033,cotton county
OK,40,035,Craig County,Oklahoma,42,40035,craig county
OK,40,037,Creek County,Oklahoma,42,40037,creek county
OK,40,039,Custer County,Oklahoma,42,40039,custer county
OK,40,041,Delaware County,Oklahoma,42,40041,delaware county
OK,40,043,Dewey County,Oklahoma,42,40043,dewey county
OK,40,045,Ellis County,Oklahoma,42,40045,ellis county
OK,40,047,Garfield County,Oklahoma,42,40047,garfield county
OK,40,049,Garvin County,Oklahoma,42,40049,garvin county
OK,40,051,Grady County,Oklahoma,42,40051,grady county
OK,40,053,Grant County,Oklahoma,42,40053,grant county
OK,40,055,Greer County,Oklahoma,42,40055,greer county
OK,40,057,Harmon County,Oklahoma,42,40057,harmon county
OK,40,059,Harper County,Oklahoma,42,40059,harper county
OK,40,061,Haskell County,Oklahoma,42,40061,haskell county
OK,40,063,Hughes County,Oklahoma,42,40063,hughes county
OK,40,065,Jackson County,Oklahoma,42,40065,jackson county
OK,40,067,Jefferson County,Oklahoma,42,40067,jefferson county
OK,40,069,Johnston County,Oklahoma,42,40069,johnston county
OK,40,071,Kay County,Oklahoma,42,40071,kay county
OK,40,073,Kingfisher County,Oklahoma,42,40073,kingfisher county
OK,40,075,Kiowa County,Oklahoma,42,40075,kiowa county
OK,40,077,Latimer County,Oklahoma,42,40077,latimer county
OK,40,079,Le Flore County,Oklahoma,42,40079,le flore county
OK,40,081,Lincoln County,Oklahoma,42,40081,lincoln county
OK,40,083,Logan County,Oklahoma,42,40083,logan county
OK,40,085,Love County,Oklahoma,42,40085,love county
OK,40,087,McClain County,Oklahoma,42,40087,mcclain county
OK,40,089,McCurtain County,Oklahoma,42,40089,mccurtain county
OK,40,091,McIntosh County,Oklahoma,42,40091,mcintosh county
OK,40,093,Major County,Oklahoma,42,40093,major county
OK,40,095,Marshall County,Oklahoma,42,40095,marshall county
OK,40,097,Mayes County,Oklahoma,42,40097,mayes county
OK,40,099,Murray County,Oklahoma,42,40099,murray county
OK,40,101,Muskogee County,Oklahoma,42,40101,muskogee county
OK,40,103,Noble County,Oklahoma,42,40103,noble county
OK,40,105,Nowata County,Oklahoma,42,40105,nowata county
OK,40,107,Okfuskee County,Oklahoma,42,40107,okfuskee county
OK,40,109,Oklahoma County,Oklahoma,42,40109,oklahoma county
OK,40,111,Okmulgee County,Oklahoma,42,40111,okmulgee county
OK,40,113,Osage County,Oklahoma,42,40113,osage county
OK,40,115,Ottawa County,Oklahoma,42,40115,ottawa county
OK,40,117,Pawnee County,Oklahoma,42,40117,pawnee county
OK,40,119,Payne County,Oklahoma,42,40119,payne county
OK,40,121,Pittsburg County,Oklahoma,42,40121,pittsburg county
OK,40,123,Pontotoc County,Oklahoma,42,40123,pontotoc county
OK,40,125,Pottawatomie County,Oklahoma,42,40125,pottawatomie county
OK,40,127,Pushmataha County,Oklahoma,42,40127,pushmataha county
OK,40,129,Roger Mills County,Oklahoma,42,40129,roger mills county
OK,40,131,Rogers County,Oklahoma,42,40131,rogers county
OK,40,133,Seminole County,Oklahoma,42,40133,seminole county
OK,40,135,Sequoyah County,Oklahoma,42,40135,sequoyah county
OK,40,137,Stephens County,Oklahoma,42,40137,stephens county
OK,40,139,Texas County,Oklahoma,42,40139,texas county
OK,40,141,Tillman County,Oklahoma,42,40141,tillman county
OK,40,143,Tulsa County,Oklahoma,42,40143,tulsa county
OK,40,145,Wagoner County,Oklahoma,42,40145,wagoner county
OK,40,147,Washington County,Oklahoma,42,40147,washington county
OK,40,149,Washita County,Oklahoma,42,40149,washita county
OK,40,151,Woods County,Oklahoma,42,40151,woods county
OK,40,153,Woodward County,Oklahoma,42,40153,woodward county
OR,41,001,Baker County,Oregon,43,41001,baker county
OR,41,003,Benton County,Oregon,43,41003,benton county
OR,41,005,Clackamas County,Oregon,43,41005,clackamas county
OR,41,007,Clatsop County,Oregon,43,41007,clatsop county
OR,41,009,Columbia County,Oregon,43,41009,columbia county
OR,41,011,Coos County,Oregon,43,41011,coos county
OR,41,013,Crook County,Oregon,43,41013,crook county
OR,41,015,Curry County,Oregon,43,41015,curry county
OR,41,017,Deschutes County,Oregon,43,41017,deschutes county
OR,41,019,Douglas County,Oregon,43,41019,douglas county
OR,41,021,Gilliam County,Oregon,43,41021,gilliam county
OR,41,023,Grant County,Oregon,43,41023,grant county
OR,41,025,Harney County,Oregon,43,41025,harney county
OR,41,027,Hood River County,Oregon,43,41027,hood river county
OR,41,029,Jackson County,Oregon,43,41029,jackson county
OR,41,031,Jefferson County,Oregon,43,41031,jefferson county
OR,41,033,Josephine County,Oregon,43,41033,josephine county
OR,41,035,Klamath County,Oregon,43,41035,klamath county
OR,41,037,Lake County,Oregon,43,41037,lake county
OR,41,039,Lane County,Oregon,43,41039,lane county
OR,41,041,Lincoln County,Oregon,43,41041,lincoln county
OR,41,043,Linn County,Oregon,43,41043,linn county
OR,41,045,Malheur County,Oregon,43,41045,malheur county
OR,41,047,Marion County,Oregon,43,41047,marion county
OR,41,049,Morrow County,Oregon,43,41049,morrow county
OR,41,051,Multnomah County,Oregon,43,41051,multnomah county
OR,41,053,Polk County,Oregon,43,41053,polk county
OR,41,055,Sherman County,Oregon,43,41055,sherman county
OR,41,057,Tillamook County,Oregon,43,41057,tillamook county
OR,41,059,Umatilla County,Oregon,43,41059,umatilla county
OR,41,061,Union County,Oregon,43,41061,union county
OR,41,063,Wallowa County,Oregon,43,41063,wallowa county
OR,41,065,Wasco County,Oregon,43,41065,wasco county
OR,41,067,Washington County,Oregon,43,41067,washington county
OR,41,069,Wheeler County,Oregon,43,41069,wheeler county
OR,41,071,Yamhill County,Oregon,43,41071,yamhill county
PA,42,001,Adams County,Pennsylvania,44,42001,adams county
PA,42,003,Allegheny County,Pennsylvania,44,42003,allegheny county
PA,42,005,Armstrong County,Pennsylvania,44,42005,armstrong county
PA,42,007,Beaver County,Pennsylvania,44,42007,beaver county
PA,42,009,Bedford County,Pennsylvania,44,42009,bedford county
PA,42,011,Berks County,Pennsylvania,44,42011,berks county
PA,42,013,Blair County,Pennsylvania,44,42013,blair county
PA,42,015,Bradford County,Pennsylvania,44,42015,bradford county
PA,42,017,Bucks County,Pennsylvania,44,42017,bucks county
PA,42,019,Butler County,Pennsylvania,44,42019,butler county
PA,42,021,Cambria County,Pennsylvania,44,42021,cambria county
PA,42,023,Cameron County,Pennsylvania,44,42023,cameron county
PA,42,025,Carbon County,Pennsylvania,44,42025,carbon county
PA,42,027,Centre County,Pennsylvania,44,42027,centre county
PA,42,029,Chester County,Pennsylvania,44,42029,chester county
PA,42,031,Clarion County,Pennsylvania,44,42031,clarion county
PA,42,033,Clearfield County,Pennsylvania,44,42033,clearfield county
PA,42,035,Clinton County,Pennsylvania,44,42035,clinton county
PA,42,037,Columbia County,Pennsylvania,44,42037,columbia county
PA,42,039,Crawford County,Pennsylvania,44,42039,crawford county
PA,42,041,Cumberland County,Pennsylvania,44,42041,cumberland county
PA,42,043,Dauphin County,Pennsylvania,44,42043,dauphin county
PA,42,045,Delaware County,Pennsylvania,44,42045,delaware county
PA,42,047,Elk County,Pennsylvania,44,42047,elk county
PA,42,049,Erie County,Pennsylvania,44,42049,erie county
PA,42,051,Fayette County,Pennsylvania,44,42051,fayette county
PA,42,053,Forest County,Pennsylvania,44,42053,forest county
PA,42,055,Franklin County,Pennsylvania,44,42055,franklin county
PA,42,057,Fulton County,Pennsylvania,44,42057,fulton county
PA,42,059,Greene County,Pennsylvania,44,42059,greene county
PA,42,061,Huntingdon County,Pennsylvania,44,42061,huntingdon county
PA,42,063,Indiana County,Pennsylvania,44,42063,indiana county
PA,42,065,Jefferson County,Pennsylvania,44,42065,jefferson county
PA,42,067,Juniata County,Pennsylvania,44,42067,juniata county
PA,42,069,Lackawanna County,Pennsylvania,44,42069,lackawanna county
PA,42,071,Lancaster County,Pennsylvania,44,42071,lancaster county
PA,42,073,Lawrence County,Pennsylvania,44,42073,lawrence county
PA,42,075,Lebanon County,Pennsylvania,44,42075,lebanon county
PA,42,077,Lehigh County,Pennsylvania,44,42077,lehigh county
PA,42,079,Luzerne County,Pennsylvania,44,42079,luzerne county
PA,42,081,Lycoming County,Pennsylvania,44,42081,lycoming county
PA,42,083,McKean County,Pennsylvania,44,42083,mckean county
PA,42,085,Mercer County,Pennsylvania,44,42085,mercer county
PA,42,087,Mifflin County,Pennsylvania,44,42087,mifflin county
PA,42,089,Monroe County,Pennsylvania,44,42089,monroe county
PA,42,091,Montgomery County,Pennsylvania,44,42091,montgomery county
PA,42,093,Montour County,Pennsylvania,44,42093,montour county
PA,42,095,Northampton County,Pennsylvania,44,42095,northampton county
PA,42,097,Northumberland County,Pennsylvania,44,42097,northumberland county
PA,42,099,Perry County,Pennsylvania,44,42099,perry county
PA,42,101,Philadelphia County,Pennsylvania,44,42101,philadelphia county
PA,42,103,Pike County,Pennsylvania,44,42103,pike county
PA,42,105,Potter County,Pennsylvania,44,42105,potter county
PA,42,107,Schuylkill County,Pennsylvania,44,42107,schuylkill county
PA,42,109,Snyder County,Pennsylvania,44,42109,snyder county
PA,42,111,Somerset County,Pennsylvania,44,42111,somerset county
PA,42,113,Sullivan County,Pennsylvania,44,42113,sullivan county
PA,42,115,Susquehanna County,Pennsylvania,44,42115,susquehanna county
PA,42,117,Tioga County,Pennsylvania,44,42117,tioga county
PA,42,119,Union County,Pennsylvania,44,42119,union county
PA,42,121,Venango County,Pennsylvania,44,42121,venango county
PA,42,123,Warren County,Pennsylvania,44,42123,warren county
PA,42,125,Washington County,Pennsylvania,44,42125,washington county
PA,42,127,Wayne County,Pennsylvania,44,42127,wayne county
PA,42,129,Westmoreland County,Pennsylvania,44,42129,westmoreland county
PA,42,131,Wyoming County,Pennsylvania,44,42131,wyoming county
PA,42,133,York County,Pennsylvania,44,42133,york county
RI,44,001,Bristol County,Rhode Island,45,44001,bristol county
RI,44,003,Kent County,Rhode Island,45,44003,kent county
RI,44,005,Newport County,Rhode Island,45,44005,newport county
RI,44,007,Providence County,Rhode Island,45,44007,providence county
RI,44,009,Washington County,Rhode Island,45,44009,washington county
SC,45,001,Abbeville County,South Carolina,46,45001,abbeville county
SC,45,003,Aiken County,South Carolina,46,45003,aiken county
SC,45,005,Allendale County,South Carolina,46,45005,allendale county
SC,45,007,Anderson County,South Carolina,46,45007,anderson county
SC,45,009,Bamberg County,South Carolina,46,45009,bamberg county
SC,45,011,Barnwell County,South Carolina,46,45011,barnwell county
SC,45,013,Beaufort County,South Carolina,46,45013,beaufort county
SC,45,015,Berkeley County,South Carolina,46,45015,berkeley county
SC,45,017,Calhoun County,South Carolina,46,45017,calhoun county
SC,45,019,Charleston County,South Carolina,46,45019,charleston county
SC,45,021,Cherokee County,South Carolina,46,45021,cherokee county
SC,45,023,Chester County,South Carolina,46,45023,chester county
SC,45,025,Chesterfield County,South Carolina,46,45025,chesterfield county
SC,45,027,Clarendon County,South Carolina,46,45027,clarendon county
SC,45,029,Colleton County,South Carolina,46,45029,colleton county
SC,45,031,Darlington County,South Carolina,46,45031,darlington county
SC,45,033,Dillon County,South Carolina,46,45033,dillon county
SC,45,035,Dorchester County,South Carolina,46,45035,dorchester county
SC,45,037,Edgefield County,South Carolina,46,45037,edgefield county
SC,45,039,Fairfield County,South Carolina,46,45039,fairfield county
SC,45,041,Florence County,South Carolina,46,45041,florence county
SC,45,043,Georgetown County,South Carolina,46,45043,georgetown county
SC,45,045,Greenville County,South Carolina,46,45045,greenville county
SC,45,047,Greenwood County,South Carolina,46,45047,greenwood county
SC,45,049,Hampton County,South Carolina,46,45049,hampton county
SC,45,051,Horry County,South Carolina,46,45051,horry county
SC,45,053,Jasper County,South Carolina,46,45053,jasper county
SC,45,055,Kershaw County,South Carolina,46,45055,kershaw county
SC,45,057,Lancaster County,South Carolina,46,45057,lancaster county
SC,45,059,Laurens County,South Carolina,46,45059,laurens county
SC,45,061,Lee County,South Carolina,46,45061,lee county
SC,45,063,Lexington County,South Carolina,46,45063,lexington county
SC,45,065,McCormick County,South Carolina,46,45065,mccormick county
SC,45,067,Marion County,South Carolina,46,45067,marion county
SC,45,069,Marlboro County,South Carolina,46,45069,marlboro county
SC,45,071,Newberry County,South Carolina,46,45071,newberry county
SC,45,073,Oconee County,South Carolina,46,45073,oconee county
SC,45,075,Orangeburg County,South Carolina,46,45075,orangeburg county
SC,45,077,Pickens County,South Carolina,46,45077,pickens county
SC,45,079,Richland County,South Carolina,46,45079,richland county
SC,45,081,Saluda County,South Carolina,46,45081,saluda county
SC,45,083,Spartanburg County,South Carolina,46,45083,spartanburg county
SC,45,085,Sumter County,South Carolina,46,45085,sumter county
SC,45,087,Union County,South Carolina,46,45087,union county
SC,45,089,Williamsburg County,South Carolina,46,45089,williamsburg county
SC,45,091,York County,South Carolina,46,45091,york county
SD,46,003,Aurora County,South Dakota,47,46003,aurora county
SD,46,005,Beadle County,South Dakota,47,46005,beadle county
SD,46,007,Bennett County,South Dakota,47,46007,bennett county
SD,46,009,Bon Homme County,South Dakota,47,46009,bon homme county
SD,46,011,Brookings County,South Dakota,47,46011,brookings county
SD,46,013,Brown County,South Dakota,47,46013,brown county
SD,46,015,Brule County,South Dakota,47,46015,brule county
SD,46,017,Buffalo County,South Dakota,47,46017,buffalo county
SD,46,019,Butte County,South Dakota,47,46019,butte county
SD,46,021,Campbell County,South Dakota,47,46021,campbell county
SD,46,023,Charles Mix County,South Dakota,47,46023,charles mix county
SD,46,025,Clark County,South Dakota,47,46025,clark county
SD,46,027,Clay County,South Dakota,47,46027,clay county
SD,46,029,Codington County,South Dakota,47,46029,codington county
SD,46,031,Corson County,South Dakota,47,46031,corson county
SD,46,033,Custer County,South Dakota,47,46033,custer county
SD,46,035,Davison County,South Dakota,47,46035,davison county
SD,46,037,Day County,South Dakota,47,46037,day county
SD,46,039,Deuel County,South Dakota,47,46039,deuel county
SD,46,041,Dewey County,South Dakota,47,46041,dewey county
SD,46,043,Douglas County,South Dakota,47,46043,douglas county
SD,46,045,Edmunds County,South Dakota,47,46045,edmunds county
SD,46,047,Fall River County,South Dakota,47,46047,fall river county
SD,46,049,Faulk County,South Dakota,47,46049,faulk county
SD,46,051,Grant County,South Dakota,47,46051,grant county
SD,46,053,Gregory County,South Dakota,47,46053,gregory county
SD,46,055,Haakon County,South Dakota,47,46055,haakon county
SD,46,057,Hamlin County,South Dakota,47,46057,hamlin county
SD,46,059,Hand County,South Dakota,47,46059,hand county
SD,46,061,Hanson County,South Dakota,47,46061,hanson county
SD,46,063,Harding County,South Dakota,47,46063,harding county
SD,46,065,Hughes County,South Dakota,47,46065,hughes county
SD,46,067,Hutchinson County,South Dakota,47,46067,hutchinson county
SD,46,069,Hyde County,South Dakota,47,46069,hyde county
SD,46,071,Jackson County,South Dakota,47,46071,jackson county
SD,46,073,Jerauld County,South Dakota,47,46073,jerauld county
SD,46,075,Jones County,South Dakota,47,46075,jones county
SD,46,077,Kingsbury County,South Dakota,47,46077,kingsbury county
SD,46,079,Lake County,South Dakota,47,46079,lake county
SD,46,081,Lawrence County,South Dakota,47,46081,lawrence county
SD,46,083,Lincoln County,South Dakota,47,46083,lincoln county
SD,46,085,Lyman County,South Dakota,47,46085,lyman county
SD,46,087,McCook County,South Dakota,47,46087,mccook county
SD,46,089,McPherson County,South Dakota,47,46089,mcpherson county
SD,46,091,Marshall County,South Dakota,47,46091,marshall county
SD,46,093,Meade County,South Dakota,47,46093,meade county
SD,46,095,Mellette County,South Dakota,47,46095,mellette county
SD,46,097,Miner County,South Dakota,47,46097,miner county
SD,46,099,Minnehaha County,South Dakota,47,46099,minnehaha county
SD,46,101,Moody County,South Dakota,47,46101,moody county
SD,46,102,Oglala Lakota County,South Dakota,47,46102,oglala lakota county
SD,46,103,Pennington County,South Dakota,47,46103,pennington county
SD,46,105,Perkins County,South Dakota,47,46105,perkins county
SD,46,107,Potter County,South Dakota,47,46107,potter county
SD,46,109,Roberts County,South Dakota,47,46109,roberts county
SD,46,111,Sanborn County,South Dakota,47,46111,sanborn county
SD,46,115,Spink County,South Dakota,47,46115,spink county
SD,46,117,Stanley County,South Dakota,47,46117,stanley county
SD,46,119,Sully County,South Dakota,47,46119,sully county
SD,46,121,Todd County,South Dakota,47,46121,todd county
SD,46,123,Tripp County,South Dakota,47,46123,tripp county
SD,46,125,Turner County,South Dakota,47,46125,turner county
SD,46,127,Union County,South Dakota,47,46127,union county
SD,46,129,Walworth County,South Dakota,47,46129,walworth county
SD,46,135,Yankton County,South Dakota,47,46135,yankton county
SD,46,137,Ziebach County,South Dakota,47,46137,ziebach county
TN,47,001,Anderson County,Tennessee,48,47001,anderson county
TN,47,003,Bedford County,Tennessee,48,47003,bedford county
TN,47,005,Benton County,Tennessee,48,47005,benton county
TN,47,007,Bledsoe County,Tennessee,48,47007,bledsoe county
TN,47,009,Blount County,Tennessee,48,47009,blount county
TN,47,011,Bradley County,Tennessee,48,47011,bradley county
TN,47,013,Campbell County,Tennessee,48,47013,campbell county
TN,47,015,Cannon County,Tennessee,48,47015,cannon county
TN,47,017,Carroll County,Tennessee,48,47017,carroll county
TN,47,019,Carter County,Tennessee,48,47019,carter county
TN,47,021,Cheatham County,Tennessee,48,47021,cheatham county
TN,47,023,Chester County,Tennessee,48,47023,chester county
TN,47,025,Claiborne County,Tennessee,48,47025,claiborne county
TN,47,027,Clay County,Tennessee,48,47027,clay county
TN,47,029,Cocke County,Tennessee,48,47029,cocke county
TN,47,031,Coffee County,Tennessee,48,47031,coffee county
TN,47,033,Crockett County,Tennessee,48,47033,crockett county
TN,47,035,Cumberland County,Tennessee,48,47035,cumberland county
TN,47,037,Davidson County,Tennessee,48,47037,davidson county
TN,47,039,Decatur County,Tennessee,48,47039,decatur county
TN,47,041,DeKalb County,Tennessee,48,47041,dekalb county
TN,47,043,Dickson County,Tennessee,48,47043,dickson county
TN,47,045,Dyer County,Tennessee,48,47045,dyer county
TN,47,047,Fayette County,Tennessee,48,47047,fayette county
TN,47,049,Fentress County,Tennessee,48,47049,fentress county
TN,47,051,Franklin County,Tennessee,48,47051,franklin county
TN,47,053,Gibson County,Tennessee,48,47053,gibson county
TN,47,055,Giles County,Tennessee,48,47055,giles county
TN,47,057,Grainger County,Tennessee,48,47057,grainger county
TN,47,059,Greene County,Tennessee,48,47059,greene county
TN,47,061,Grundy County,Tennessee,48,47061,grundy county
TN,47,063,Hamblen County,Tennessee,48,47063,hamblen county
TN,47,065,Hamilton County,Tennessee,48,47065,hamilton county
TN,47,067,Hancock County,Tennessee,48,47067,hancock county
TN,47,069,Hardeman County,Tennessee,48,47069,hardeman county
TN,47,071,Hardin County,Tennessee,48,47071,hardin county
TN,47,073,Hawkins County,Tennessee,48,47073,hawkins county
TN,47,075,Haywood County,Tennessee,48,47075,haywood county
TN,47,077,Henderson County,Tennessee,48,47077,henderson county
TN,47,079,Henry County,Tennessee,48,47079,henry county
TN,47,081,Hickman County,Tennessee,48,47081,hickman county
TN,47,083,Houston County,Tennessee,48,47083,houston county
TN,47,085,Humphreys County,Tennessee,48,47085,humphreys county
TN,47,087,Jackson County,Tennessee,48,47087,jackson county
TN,47,089,Jefferson County,Tennessee,48,47089,jefferson county
TN,47,091,Johnson County,Tennessee,48,47091,johnson county
TN,47,093,Knox County,Tennessee,48,47093,knox county
TN,47,095,Lake County,Tennessee,48,47095,lake county
TN,47,097,Lauderdale County,Tennessee,48,47097,lauderdale county
TN,47,099,Lawrence County,Tennessee,48,47099,lawrence county
TN,47,101,Lewis County,Tennessee,48,47101,lewis county
TN,47,103,Lincoln County,Tennessee,48,47103,lincoln county
TN,47,105,Loudon County,Tennessee,48,47105,loudon county
TN,47,107,McMinn County,Tennessee,48,47107,mcminn county
TN,47,109,McNairy County,Tennessee,48,47109,mcnairy county
TN,47,111,Macon County,Tennessee,48,47111,macon county
TN,47,113,Madison County,Tennessee,48,47113,madison county
TN,47,115,Marion County,Tennessee,48,47115,marion county
TN,47,117,Marshall County,Tennessee,48,47117,marshall county
TN,47,119,Maury County,Tennessee,48,47119,maury county
TN,47,121,Meigs County,Tennessee,48,47121,meigs county
TN,47,123,Monroe County,Tennessee,48,47123,monroe county
TN,47,125,Montgomery County,Tennessee,48,47125,montgomery county
TN,47,127,Moore County,Tennessee,48,47127,moore county
TN,47,129,Morgan County,Tennessee,48,47129,morgan county
TN,47,131,Obion County,Tennessee,48,47131,obion county
TN,47,133,Overton County,Tennessee,48,47133,overton county
TN,47,135,Perry County,Tennessee,48,47135,perry county
TN,47,137,Pickett County,Tennessee,48,47137,pickett county
TN,47,139,Polk County,Tennessee,48,47139,polk county
TN,47,141,Putnam County,Tennessee,48,47141,putnam county
TN,47,143,Rhea County,Tennessee,48,47143,rhea county
TN,47,145,Roane County,Tennessee,48,47145,roane county
TN,47,147,Robertson County,Tennessee,48,47147,robertson county
TN,47,149,Rutherford County,Tennessee,48,47149,rutherford county
TN,47,151,Scott County,Tennessee,48,47151,scott county
TN,47,153,Sequatchie County,Tennessee,48,47153,sequatchie county
TN,47,155,Sevier County,Tennessee,48,47155,sevier county
TN,47,157,Shelby County,Tennessee,48,47157,shelby county
TN,47,159,Smith County,Tennessee,48,47159,smith county
TN,47,161,Stewart County,Tennessee,48,47161,stewart county
TN,47,163,Sullivan County,Tennessee,48,47163,sullivan county
TN,47,165,Sumner County,Tennessee,48,47165,sumner county
TN,47,167,Tipton County,Tennessee,48,47167,tipton county
TN,47,169,Trousdale County,Tennessee,48,47169,trousdale county
TN,47,171,Unicoi County,Tennessee,48,47171,unicoi county
TN,47,173,Union County,Tennessee,48,47173,union county
TN,47,175,Van Buren County,Tennessee,48,47175,van buren county
TN,47,177,Warren County,Tennessee,48,47177,warren county
TN,47,179,Washington County,Tennessee,48,47179,washington county
TN,47,181,Wayne County,Tennessee,48,47181,wayne county
TN,47,183,Weakley County,Tennessee,48,47183,weakley county
TN,47,185,White County,Tennessee,48,47185,white county
TN,47,187,Williamson County,Tennessee,48,47187,williamson county
TN,47,189,Wilson County,Tennessee,48,47189,wilson county
TX,48,001,Anderson County,Texas,49,48001,anderson county
TX,48,003,Andrews County,Texas,49,48003,andrews county
TX,48,005,Angelina County,Texas,49,48005,angelina county
TX,48,007,Aransas County,Texas,49,48007,aransas county
TX,48,009,Archer County,Texas,49,48009,archer county
TX,48,011,Armstrong County,Texas,49,48011,armstrong county
TX,48,013,Atascosa County,Texas,49,48013,atascosa county
TX,48,015,Austin County,Texas,49,48015,austin county
TX,48,017,Bailey County,Texas,49,48017,bailey county
TX,48,019,Bandera County,Texas,49,48019,bandera county
TX,48,021,Bastrop County,Texas,49,48021,bastrop county
TX,48,023,Baylor County,Texas,49,48023,baylor county
TX,48,025,Bee County,Texas,49,48025,bee county
TX,48,027,Bell County,Texas,49,48027,bell county
TX,48,029,Bexar County,Texas,49,48029,bexar county
TX,48,031,Blanco County,Texas,49,48031,blanco county
TX,48,033,Borden County,Texas,49,48033,borden county
TX,48,035,Bosque County,Texas,49,48035,bosque county
TX,48,037,Bowie County,Texas,49,48037,bowie county
TX,48,039,Brazoria County,Texas,49,48039,brazoria county
TX,48,041,Brazos County,Texas,49,48041,brazos county
TX,48,043,Brewster County,Texas,49,48043,brewster county
TX,48,045,Briscoe County,Texas,49,48045,briscoe county
TX,48,047,Brooks County,Texas,49,48047,brooks county
TX,48,049,Brown County,Texas,49,48049,brown county
TX,48,051,Burleson County,Texas,49,48051,burleson county
TX,48,053,Burnet County,Texas,49,48053,burnet county
TX,48,055,Caldwell County,Texas,49,48055,caldwell county
TX,48,057,Calhoun County,Texas,49,48057,calhoun county
TX,48,059,Callahan County,Texas,49,48059,callahan county
TX,48,061,Cameron County,Texas,49,48061,cameron county
TX,48,063,Camp County,Texas,49,48063,camp county
TX,48,065,Carson County,Texas,49,48065,carson county
TX,48,067,Cass County,Texas,49,48067,cass county
TX,48,069,Castro County,Texas,49,48069,castro county
TX,48,071,Chambers County,Texas,49,48071,chambers county
TX,48,073,Cherokee County,Texas,49,48073,cherokee county
TX,48,075,Childress County,Texas,49,48075,childress county
TX,48,077,Clay County,Texas,49,48077,clay county
TX,48,079,Cochran County,Texas,49,48079,cochran county
TX,48,081,Coke County,Texas,49,48081,coke county
TX,48,083,Coleman County,Texas,49,48083,coleman county
TX,48,085,Collin County,Texas,49,48085,collin county
TX,48,087,Collingsworth County,Texas,49,48087,collingsworth county
TX,48,089,Colorado County,Texas,49,48089,colorado county
TX,48,091,Comal County,Texas,49,48091,comal county
TX,48,093,Comanche County,Texas,49,48093,comanche county
TX,48,095,Concho County,Texas,49,48095,concho county
TX,48,097,Cooke County,Texas,49,48097,cooke county
TX,48,099,Coryell County,Texas,49,48099,coryell county
TX,48,101,Cottle County,Texas,49,48101,cottle county
TX,48,103,Crane County,Texas,49,48103,crane county
TX,48,105,Crockett County,Texas,49,48105,crockett county
TX,48,107,Crosby County,Texas,49,48107,crosby county
TX,48,109,Culberson County,Texas,49,48109,culberson county
TX,48,111,Dallam County,Texas,49,48111,dallam county
TX,48,113,Dallas County,Texas,49,48113,dallas county
TX,48,115,Dawson County,Texas,49,48115,dawson county
TX,48,117,Deaf Smith County,Texas,49,48117,deaf smith county
TX,48,119,Delta County,Texas,49,48119,delta county
TX,48,121,Denton County,Texas,49,48121,denton county
TX,48,123,DeWitt County,Texas,49,48123,dewitt county
TX,48,125,Dickens County,Texas,49,48125,dickens county
TX,48,127,Dimmit County,Texas,49,48127,dimmit county
TX,48,129,Donley County,Texas,49,48129,donley county
TX,48,131,Duval County,Texas,49,48131,duval county
TX,48,133,Eastland County,Texas,49,48133,eastland county
TX,48,135,Ector County,Texas,49,48135,ector county
TX,48,137,Edwards County,Texas,49,48137,edwards county
TX,48,139,Ellis County,Texas,49,48139,ellis county
TX,48,141,El Paso County,Texas,49,48141,el paso county
TX,48,143,Erath County,Texas,49,48143,erath county
TX,48,145,Falls County,Texas,49,48145,falls county
TX,48,147,Fannin County,Texas,49,48147,fannin county
TX,48,149,Fayette County,Texas,49,48149,fayette county
TX,48,151,Fisher County,Texas,49,48151,fisher county
TX,48,153,Floyd County,Texas,49,48153,floyd county
TX,48,155,Foard County,Texas,49,48155,foard county
TX,48,157,Fort Bend County,Texas,49,48157,fort bend county
TX,48,159,Franklin County,Texas,49,48159,franklin county
TX,48,161,Freestone County,Texas,49,48161,freestone county
TX,48,163,Frio County,Texas,49,48163,frio county
TX,48,165,Gaines County,Texas,49,48165,gaines county
TX,48,167,Galveston County,Texas,49,48167,galveston county
TX,48,169,Garza County,Texas,49,48169,garza county
TX,48,171,Gillespie County,Texas,49,48171,gillespie county
TX,48,173,Glasscock County,Texas,49,48173,glasscock county
TX,48,175,Goliad County,Texas,49,48175,goliad county
TX,48,177,Gonzales County,Texas,49,48177,gonzales county
TX,48,179,Gray County,Texas,49,48179,gray county
TX,48,181,Grayson County,Texas,49,48181,grayson county
TX,48,183,Gregg County,Texas,49,48183,gregg county
TX,48,185,Grimes County,Texas,49,48185,grimes county
TX,48,187,Guadalupe County,Texas,49,48187,guadalupe county
TX,48,189,Hale County,Texas,49,48189,hale county
TX,48,191,Hall County,Texas,49,48191,hall county
TX,48,193,Hamilton County,Texas,49,48193,hamilton county
TX,48,195,Hansford County,Texas,49,48195,hansford county
TX,48,197,Hardeman County,Texas,49,48197,hardeman county
TX,48,199,Hardin County,Texas,49,48199,hardin county
TX,48,201,Harris County,Texas,49,48201,harris county
TX,48,203,Harrison County,Texas,49,48203,harrison county
TX,48,205,Hartley County,Texas,49,48205,hartley county
TX,48,207,Haskell County,Texas,49,48207,haskell county
TX,48,209,Hays County,Texas,49,48209,hays county
TX,48,211,Hemphill County,Texas,49,48211,hemphill county
TX,48,213,Henderson County,Texas,49,48213,henderson county
TX,48,215,Hidalgo County,Texas,49,48215,hidalgo county
TX,48,217,Hill County,Texas,49,48217,hill county
TX,48,219,Hockley County,Texas,49,48219,hockley county
TX,48,221,Hood County,Texas,49,48221,hood county
TX,48,223,Hopkins County,Texas,49,48223,hopkins county
TX,48,225,Houston County,Texas,49,48225,houston county
TX,48,227,Howard County,Texas,49,48227,howard county
TX,48,229,Hudspeth County,Texas,49,48229,hudspeth county
TX,48,231,Hunt County,Texas,49,48231,hunt county
TX,48,233,Hutchinson County,Texas,49,48233,hutchinson county
TX,48,235,Irion County,Texas,49,48235,irion county
TX,48,237,Jack County,Texas,49,48237,jack county
TX,48,239,Jackson County,Texas,49,48239,jackson county
TX,48,241,Jasper County,Texas,49,48241,jasper county
TX,48,243,Jeff Davis County,Texas,49,48243,jeff davis county
TX,48,245,Jefferson County,Texas,49,48245,jefferson county
TX,48,247,Jim Hogg County,Texas,49,48247,jim hogg county
TX,48,249,Jim Wells County,Texas,49,48249,jim wells county
TX,48,251,Johnson County,Texas,49,48251,johnson county
TX,48,253,Jones County,Texas,49,48253,jones county
TX,48,255,Karnes County,Texas,49,48255,karnes county
TX,48,257,Kaufman County,Texas,49,48257,kaufman county
TX,48,259,Kendall County,Texas,49,48259,kendall county
TX,48,261,Kenedy County,Texas,49,48261,kenedy county
TX,48,263,Kent County,Texas,49,48263,kent county
TX,48,265,Kerr County,Texas,49,48265,kerr county
TX,48,267,Kimble County,Texas,49,48267,kimble county
TX,48,269,King County,Texas,49,48269,king county
TX,48,271,Kinney County,Texas,49,48271,kinney county
TX,48,273,Kleberg County,Texas,49,48273,kleberg county
TX,48,275,Knox County,Texas,49,48275,knox county
TX,48,277,Lamar County,Texas,49,48277,lamar county
TX,48,279,Lamb County,Texas,49,48279,lamb county
TX,48,281,Lampasas County,Texas,49,48281,lampasas county
TX,48,283,La Salle County,Texas,49,48283,la salle county
TX,48,285,Lavaca County,Texas,49,48285,lavaca county
TX,48,287,Lee County,Texas,49,48287,lee county
TX,48,289,Leon County,Texas,49,48289,leon county
TX,48,291,Liberty County,Texas,49,48291,liberty county
TX,48,293,Limestone County,Texas,49,48293,limestone county
TX,48,295,Lipscomb County,Texas,49,48295,lipscomb county
TX,48,297,Live Oak County,Texas,49,48297,live oak county
TX,48,299,Llano County,Texas,49,48299,llano county
TX,48,301,Loving County,Texas,49,48301,loving county
TX,48,303,Lubbock County,Texas,49,48303,lubbock county
TX,48,305,Lynn County,Texas,49,48305,lynn county
TX,48,307,McCulloch County,Texas,49,48307,mcculloch county
TX,48,309,McLennan County,Texas,49,48309,mclennan county
TX,48,311,McMullen County,Texas,49,48311,mcmullen county
TX,48,313,Madison County,Texas,49,48313,madison county
TX,48,315,Marion County,Texas,49,48315,marion county
TX,48,317,Martin County,Texas,49,48317,martin county
TX,48,319,Mason County,Texas,49,48319,mason county
TX,48,321,Matagorda County,Texas,49,48321,matagorda county
TX,48,323,Maverick County,Texas,49,48323,maverick county
TX,48,325,Medina County,Texas,49,48325,medina county
TX,48,327,Menard County,Texas,49,48327,menard county
TX,48,329,Midland County,Texas,49,48329,midland county
TX,48,331,Milam County,Texas,49,48331,milam county
TX,48,333,Mills County,Texas,49,48333,mills county
TX,48,335,Mitchell County,Texas,49,48335,mitchell county
TX,48,337,Montague County,Texas,49,48337,montague county
TX,48,339,Montgomery County,Texas,49,48339,montgomery county
TX,48,341,Moore County,Texas,49,48341,moore county
TX,48,343,Morris County,Texas,49,48343,morris county
TX,48,345,Motley County,Texas,49,48345,motley county
TX,48,347,Nacogdoches County,Texas,49,48347,nacogdoches county
TX,48,349,Navarro County,Texas,49,48349,navarro county
TX,48,351,Newton County,Texas,49,48351,newton county
TX,48,353,Nolan County,Texas,49,48353,nolan county
TX,48,355,Nueces County,Texas,49,48355,nueces county
TX,48,357,Ochiltree County,Texas,49,48357,ochiltree county
TX,48,359,Oldham County,Texas,49,48359,oldham county
TX,48,361,Orange County,Texas,49,48361,orange county
TX,48,363,Palo Pinto County,Texas,49,48363,palo pinto county
TX,48,365,Panola County,Texas,49,48365,panola county
TX,48,367,Parker County,Texas,49,48367,parker county
TX,48,369,Parmer County,Texas,49,48369,parmer county
TX,48,371,Pecos County,Texas,49,48371,pecos county
TX,48,373,Polk County,Texas,49,48373,polk county
TX,48,375,Potter County,Texas,49,48375,potter county
TX,48,377,Presidio County,Texas,49,48377,presidio county
TX,48,379,Rains County,Texas,49,48379,rains county
TX,48,381,Randall County,Texas,49,48381,randall county
TX,48,383,Reagan County,Texas,49,48383,reagan county
TX,48,385,Real County,Texas,49,48385,real county
TX,48,387,Red River County,Texas,49,48387,red river county
TX,48,389,Reeves County,Texas,49,48389,reeves county
TX,48,391,Refugio County,Texas,49,48391,refugio county
TX,48,393,Roberts County,Texas,49,48393,roberts county
TX,48,395,Robertson County,Texas,49,48395,robertson county
TX,48,397,Rockwall County,Texas,49,48397,rockwall county
TX,48,399,Runnels County,Texas,49,48399,runnels county
TX,48,401,Rusk County,Texas,49,48401,rusk county
TX,48,403,Sabine County,Texas,49,48403,sabine county
TX,48,405,San Augustine County,Texas,49,48405,san augustine county
TX,48,407,San Jacinto County,Texas,49,48407,san jacinto county
TX,48,409,San Patricio County,Texas,49,48409,san patricio county
TX,48,411,San Saba County,Texas,49,48411,san saba county
TX,48,413,Schleicher County,Texas,49,48413,schleicher county
TX,48,415,Scurry County,Texas,49,48415,scurry county
TX,48,417,Shackelford County,Texas,49,48417,shackelford county
TX,48,419,Shelby County,Texas,49,48419,shelby county
TX,48,421,Sherman County,Texas,49,48421,sherman county
TX,48,423,Smith County,Texas,49,48423,smith county
TX,48,425,Somervell County,Texas,49,48425,somervell county
TX,48,427,Starr County,Texas,49,48427,starr county
TX,48,429,Stephens County,Texas,49,48429,stephens county
TX,48,431,Sterling County,Texas,49,48431,sterling county
TX,48,433,Stonewall County,Texas,49,48433,stonewall county
TX,48,435,Sutton County,Texas,49,48435,sutton county
TX,48,437,Swisher County,Texas,49,48437,swisher county
TX,48,439,Tarrant County,Texas,49,48439,tarrant county
TX,48,441,Taylor County,Texas,49,48441,taylor county
TX,48,443,Terrell County,Texas,49,48443,terrell county
TX,48,445,Terry County,Texas,49,48445,terry county
TX,48,447,Throckmorton County,Texas,49,48447,throckmorton county
TX,48,449,Titus County,Texas,49,48449,titus county
TX,48,451,Tom Green County,Texas,49,48451,tom green county
TX,48,453,Travis County,Texas,49,48453,travis county
TX,48,455,Trinity County,Texas,49,48455,trinity county
TX,48,457,Tyler County,Texas,49,48457,tyler county
TX,48,459,Upshur County,Texas,49,48459,upshur county
TX,48,461,Upton County,Texas,49,48461,upton county
TX,48,463,Uvalde County,Texas,49,48463,uvalde county
TX,48,465,Val Verde County,Texas,49,48465,val verde county
TX,48,467,Van Zandt County,Texas,49,48467,van zandt county
TX,48,469,Victoria County,Texas,49,48469,victoria county
TX,48,471,Walker County,Texas,49,48471,walker county
TX,48,473,Waller County,Texas,49,48473,waller county
TX,48,475,Ward County,Texas,49,48475,ward county
TX,48,477,Washington County,Texas,49,48477,washington county
TX,48,479,Webb County,Texas,49,48479,webb county
TX,48,481,Wharton County,Texas,49,48481,wharton county
TX,48,483,Wheeler County,Texas,49,48483,wheeler county
TX,48,485,Wichita County,Texas,49,48485,wichita county
TX,48,487,Wilbarger County,Texas,49,48487,wilbarger county
TX,48,489,Willacy County,Texas,49,48489,willacy county
TX,48,491,Williamson County,Texas,49,48491,williamson county
TX,48,493,Wilson County,Texas,49,48493,wilson county
TX,48,495,Winkler County,Texas,49,48495,winkler county
TX,48,497,Wise County,Texas,49,48497,wise county
TX,48,499,Wood County,Texas,49,48499,wood county
TX,48,501,Yoakum County,Texas,49,48501,yoakum county
TX,48,503,Young County,Texas,49,48503,young county
TX,48,505,Zapata County,Texas,49,48505,zapata county
TX,48,507,Zavala County,Texas,49,48507,zavala county
UT,49,001,Beaver County,Utah,50,49001,beaver county
UT,49,003,Box Elder County,Utah,50,49003,box elder county
UT,49,005,Cache County,Utah,50,49005,cache county
UT,49,007,Carbon County,Utah,50,49007,carbon county
UT,49,009,Daggett County,Utah,50,49009,daggett county
UT,49,011,Davis County,Utah,50,49011,davis county
UT,49,013,Duchesne County,Utah,50,49013,duchesne county
UT,49,015,Emery County,Utah,50,49015,emery county
UT,49,017,Garfield County,Utah,50,49017,garfield county
UT,49,019,Grand County,Utah,50,49019,grand county
UT,49,021,Iron County,Utah,50,49021,iron county
UT,49,023,Juab County,Utah,50,49023,juab county
UT,49,025,Kane County,Utah,50,49025,kane county
UT,49,027,Millard County,Utah,50,49027,millard county
UT,49,029,Morgan County,Utah,50,49029,morgan county
UT,49,031,Piute County,Utah,50,49031,piute county
UT,49,033,Rich County,Utah,50,49033,rich county
UT,49,035,Salt Lake County,Utah,50,49035,salt lake county
UT,49,037,San Juan County,Utah,50,49037,san juan county
UT,49,039,Sanpete County,Utah,50,49039,sanpete county
UT,49,041,Sevier County,Utah,50,49041,sevier county
UT,49,043,Summit County,Utah,50,49043,summit county
UT,49,045,Tooele County,Utah,50,49045,tooele county
UT,49,047,Uintah County,Utah,50,49047,uintah county
UT,49,049,Utah County,Utah,50,49049,utah county
UT,49,051,Wasatch County,Utah,50,49051,wasatch county
UT,49,053,Washington County,Utah,50,49053,washington county
UT,49,055,Wayne County,Utah,50,49055,wayne county
UT,49,057,Weber County,Utah,50,49057,weber county
VT,50,001,Addison County,Vermont,51,50001,addison county
VT,50,003,Bennington County,Vermont,51,50003,bennington county
VT,50,005,Caledonia County,Vermont,51,50005,caledonia county
VT,50,007,Chittenden County,Vermont,51,50007,chittenden county
VT,50,009,Essex County,Vermont,51,50009,essex county
VT,50,011,Franklin County,Vermont,51,50011,franklin county
VT,50,013,Grand Isle County,Vermont,51,50013,grand isle county
VT,50,015,Lamoille County,Vermont,51,50015,lamoille county
VT,50,017,Orange County,Vermont,51,50017,orange county
VT,50,019,Orleans County,Vermont,51,50019,orleans county
VT,50,021,Rutland County,Vermont,51,50021,rutland county
VT,50,023,Washington County,Vermont,51,50023,washington county
VT,50,025,Windham County,Vermont,51,50025,windham county
VT,50,027,Windsor County,Vermont,51,50027,windsor county
VA,51,001,Accomack County,Virginia,52,51001,accomack county
VA,51,003,Albemarle County,Virginia,52,51003,albemarle county
VA,51,005,Alleghany County,Virginia,52,51005,alleghany county
VA,51,007,Amelia County,Virginia,52,51007,amelia county
VA,51,009,Amherst County,Virginia,52,51009,amherst county
VA,51,011,Appomattox County,Virginia,52,51011,appomattox county
VA,51,013,Arlington County,Virginia,52,51013,arlington county
VA,51,015,Augusta County,Virginia,52,51015,augusta county
VA,51,017,Bath County,Virginia,52,51017,bath county
VA,51,019,Bedford County,Virginia,52,51019,bedford county
VA,51,021,Bland County,Virginia,52,51021,bland county
VA,51,023,Botetourt County,Virginia,52,51023,botetourt county
VA,51,025,Brunswick County,Virginia,52,51025,brunswick county
VA,51,027,Buchanan County,Virginia,52,51027,buchanan county
VA,51,029,Buckingham County,Virginia,52,51029,buckingham county
VA,51,031,Campbell County,Virginia,52,51031,campbell county
VA,51,033,Caroline County,Virginia,52,51033,caroline county
VA,51,035,Carroll County,Virginia,52,51035,carroll county
VA,51,036,Charles City County,Virginia,52,51036,charles city county
VA,51,037,Charlotte County,Virginia,52,51037,charlotte county
VA,51,041,Chesterfield County,Virginia,52,51041,chesterfield county
VA,51,043,Clarke County,Virginia,52,51043,clarke county
VA,51,045,Craig County,Virginia,52,51045,craig county
VA,51,047,Culpeper County,Virginia,52,51047,culpeper county
VA,51,049,Cumberland County,Virginia,52,51049,cumberland county
VA,51,051,Dickenson County,Virginia,52,51051,dickenson county
VA,51,053,Dinwiddie County,Virginia,52,51053,dinwiddie county
VA,51,057,Essex County,Virginia,52,51057,essex county
VA,51,059,Fairfax County,Virginia,52,51059,fairfax county
VA,51,061,Fauquier County,Virginia,52,51061,fauquier county
VA,51,063,Floyd County,Virginia,52,51063,floyd county
VA,51,065,Fluvanna County,Virginia,52,51065,fluvanna county
VA,51,067,Franklin County,Virginia,52,51067,franklin county
VA,51,069,Frederick County,Virginia,52,51069,frederick county
VA,51,071,Giles County,Virginia,52,51071,giles county
VA,51,073,Gloucester County,Virginia,52,51073,gloucester county
VA,51,075,Goochland County,Virginia,52,51075,goochland county
VA,51,077,Grayson County,Virginia,52,51077,grayson county
VA,51,079,Greene County,Virginia,52,51079,greene county
VA,51,081,Greensville County,Virginia,52,51081,greensville county
VA,51,083,Halifax County,Virginia,52,51083,halifax county
VA,51,085,Hanover County,Virginia,52,51085,hanover county
VA,51,087,Henrico County,Virginia,52,51087,henrico county
VA,51,089,Henry County,Virginia,52,51089,henry county
VA,51,091,Highland County,Virginia,52,51091,highland county
VA,51,093,Isle of Wight County,Virginia,52,51093,isle of wight county
VA,51,095,James City County,Virginia,52,51095,james city county
VA,51,097,King and Queen County,Virginia,52,51097,king and queen county
VA,51,099,King George County,Virginia,52,51099,king george county
VA,51,101,King William County,Virginia,52,51101,king william county
VA,51,103,Lancaster County,Virginia,52,51103,lancaster county
VA,51,105,Lee County,Virginia,52,51105,lee county
VA,51,107,Loudoun County,Virginia,52,51107,loudoun county
VA,51,109,Louisa County,Virginia,52,51109,louisa county
VA,51,111,Lunenburg County,Virginia,52,51111,lunenburg county
VA,51,113,Madison County,Virginia,52,51113,madison county
VA,51,115,Mathews County,Virginia,52,51115,mathews county
VA,51,117,Mecklenburg County,Virginia,52,51117,mecklenburg county
VA,51,119,Middlesex County,Virginia,52,51119,middlesex county
VA,51,121,Montgomery County,Virginia,52,51121,montgomery county
VA,51,125,Nelson County,Virginia,52,51125,nelson county
VA,51,127,New Kent County,Virginia,52,51127,new kent county
VA,51,131,Northampton County,Virginia,52,51131,northampton county
VA,51,133,Northumberland County,Virginia,52,51133,northumberland county
VA,51,135,Nottoway County,Virginia,52,51135,nottoway county
VA,51,137,Orange County,Virginia,52,51137,orange county
VA,51,139,Page County,Virginia,52,51139,page county
VA,51,141,Patrick County,Virginia,52,51141,patrick county
VA,51,143,Pittsylvania County,Virginia,52,51143,pittsylvania county
VA,51,145,Powhatan County,Virginia,52,51145,powhatan county
VA,51,147,Prince Edward County,Virginia,52,51147,prince edward county
VA,51,149,Prince George County,Virginia,52,51149,prince george county
VA,51,153,Prince William County,Virginia,52,51153,prince william county
VA,51,155,Pulaski County,Virginia,52,51155,pulaski county
VA,51,157,Rappahannock County,Virginia,52,51157,rappahannock county
VA,51,159,Richmond County,Virginia,52,51159,richmond county
VA,51,161,Roanoke County,Virginia,52,51161,roanoke county
VA,51,163,Rockbridge County,Virginia,52,51163,rockbridge county
VA,51,165,Rockingham County,Virginia,52,51165,rockingham county
VA,51,167,Russell County,Virginia,52,51167,russell county
VA,51,169,Scott County,Virginia,52,51169,scott county
VA,51,171,Shenandoah County,Virginia,52,51171,shenandoah county
VA,51,173,Smyth County,Virginia,52,51173,smyth county
VA,51,175,Southampton County,Virginia,52,51175,southampton county
VA,51,177,Spotsylvania County,Virginia,52,51177,spotsylvania county
VA,51,179,Stafford County,Virginia,52,51179,stafford county
VA,51,181,Surry County,Virginia,52,51181,surry county
VA,51,183,Sussex County,Virginia,52,51183,sussex county
VA,51,185,Tazewell County,Virginia,52,51185,tazewell county
VA,51,187,Warren County,Virginia,52,51187,warren county
VA,51,191,Washington County,Virginia,52,51191,washington county
VA,51,193,Westmoreland County,Virginia,52,51193,westmoreland county
VA,51,195,Wise County,Virginia,52,51195,wise county
VA,51,197,Wythe County,Virginia,52,51197,wythe county
VA,51,199,York County,Virginia,52,51199,york county
VA,51,510,Alexandria city,Virginia,52,51510,alexandria city
VA,51,520,Bristol city,Virginia,52,51520,bristol city
VA,51,530,Buena Vista city,Virginia,52,51530,buena vista city
VA,51,540,Charlottesville city,Virginia,52,51540,charlottesville city
VA,51,550,Chesapeake city,Virginia,52,51550,chesapeake city
VA,51,570,Colonial Heights city,Virginia,52,51570,colonial heights city
VA,51,580,Covington city,Virginia,52,51580,covington city
VA,51,590,Danville city,Virginia,52,51590,danville city
VA,51,595,Emporia city,Virginia,52,51595,emporia city
VA,51,600,Fairfax city,Virginia,52,51600,fairfax city
VA,51,610,Falls Church city,Virginia,52,51610,falls church city
VA,51,620,Franklin city,Virginia,52,51620,franklin city
VA,51,630,Fredericksburg city,Virginia,52,51630,fredericksburg city
VA,51,640,Galax city,Virginia,52,51640,galax city
VA,51,650,Hampton city,Virginia,52,51650,hampton city
VA,51,660,Harrisonburg city,Virginia,52,51660,harrisonburg city
VA,51,670,Hopewell city,Virginia,52,51670,hopewell city
VA,51,678,Lexington city,Virginia,52,51678,lexington city
VA,51,680,Lynchburg city,Virginia,52,51680,lynchburg city
VA,51,683,Manassas city,Virginia,52,51683,manassas city
VA,51,685,Manassas Park city,Virginia,52,51685,manassas park city
VA,51,690,Martinsville city,Virginia,52,51690,martinsville city
VA,51,700,Newport News city,Virginia,52,51700,newport news city
VA,51,710,Norfolk city,Virginia,52,51710,norfolk city
VA,51,720,Norton city,Virginia,52,51720,norton city
VA,51,730,Petersburg city,Virginia,52,51730,petersburg city
VA,51,735,Poquoson city,Virginia,52,51735,poquoson city
VA,51,740,Portsmouth city,Virginia,52,51740,portsmouth city
VA,51,750,Radford city,Virginia,52,51750,radford city
VA,51,760,Richmond city,Virginia,52,51760,richmond city
VA,51,770,Roanoke city,Virginia,52,51770,roanoke city
VA,51,775,Salem city,Virginia,52,51775,salem city
VA,51,790,Staunton city,Virginia,52,51790,staunton city
VA,51,800,Suffolk city,Virginia,52,51800,suffolk city
VA,51,810,Virginia Beach city,Virginia,52,51810,virginia beach city
VA,51,820,Waynesboro city,Virginia,52,51820,waynesboro city
VA,51,830,Williamsburg city,Virginia,52,51830,williamsburg city
VA,51,840,Winchester city,Virginia,52,51840,winchester city
WA,53,001,Adams County,Washington,53,53001,adams county
WA,53,003,Asotin County,Washington,53,53003,asotin county
WA,53,005,Benton County,Washington,53,53005,benton county
WA,53,007,Chelan County,Washington,53,53007,chelan county
WA,53,009,Clallam County,Washington,53,53009,clallam county
WA,53,011,Clark County,Washington,53,53011,clark county
WA,53,013,Columbia County,Washington,53,53013,columbia county
WA,53,015,Cowlitz County,Washington,53,53015,cowlitz county
WA,53,017,Douglas County,Washington,53,53017,douglas county
WA,53,019,Ferry County,Washington,53,53019,ferry county
WA,53,021,Franklin County,Washington,53,53021,franklin county
WA,53,023,Garfield County,Washington,53,53023,garfield county
WA,53,025,Grant County,Washington,53,53025,grant county
WA,53,027,Grays Harbor County,Washington,53,53027,grays harbor county
WA,53,029,Island County,Washington,53,53029,island county
WA,53,031,Jefferson County,Washington,53,53031,jefferson county
WA,53,033,King County,Washington,53,53033,king county
WA,53,035,Kitsap County,Washington,53,53035,kitsap county
WA,53,037,Kittitas County,Washington,53,53037,kittitas county
WA,53,039,Klickitat County,Washington,53,53039,klickitat county
WA,53,041,Lewis County,Washington,53,53041,lewis county
WA,53,043,Lincoln County,Washington,53,53043,lincoln county
WA,53,045,Mason County,Washington,53,53045,mason county
WA,53,047,Okanogan County,Washington,53,53047,okanogan county
WA,53,049,Pacific County,Washington,53,53049,pacific county
WA,53,051,Pend Oreille County,Washington,53,53051,pend oreille county
WA,53,053,Pierce County,Washington,53,53053,pierce county
WA,53,055,San Juan County,Washington,53,53055,san juan county
WA,53,057,Skagit County,Washington,53,53057,skagit county
WA,53,059,Skamania County,Washington,53,53059,skamania county
WA,53,061,Snohomish County,Washington,53,53061,snohomish county
WA,53,063,Spokane County,Washington,53,53063,spokane county
WA,53,065,Stevens County,Washington,53,53065,stevens county
WA,53,067,Thurston County,Washington,53,53067,thurston county
WA,53,069,Wahkiakum County,Washington,53,53069,wahkiakum county
WA,53,071,Walla Walla County,Washington,53,53071,walla walla county
WA,53,073,Whatcom County,Washington,53,53073,whatcom county
WA,53,075,Whitman County,Washington,53,53075,whitman county
WA,53,077,Yakima County,Washington,53,53077,yakima county
WV,54,001,Barbour County,West Virginia,54,54001,barbour county
WV,54,003,Berkeley County,West Virginia,54,54003,berkeley county
WV,54,005,Boone County,West Virginia,54,54005,boone county
WV,54,007,Braxton County,West Virginia,54,54007,braxton county
WV,54,009,Brooke County,West Virginia,54,54009,brooke county
WV,54,011,Cabell County,West Virginia,54,54011,cabell county
WV,54,013,Calhoun County,West Virginia,54,54013,calhoun county
WV,54,015,Clay County,West Virginia,54,54015,clay county
WV,54,017,Doddridge County,West Virginia,54,54017,doddridge county
WV,54,019,Fayette County,West Virginia,54,54019,fayette county
WV,54,021,Gilmer County,West Virginia,54,54021,gilmer county
WV,54,023,Grant County,West Virginia,54,54023,grant county
WV,54,025,Greenbrier County,West Virginia,54,54025,greenbrier county
WV,54,027,Hampshire County,West Virginia,54,54027,hampshire county
WV,54,029,Hancock County,West Virginia,54,54029,hancock county
WV,54,031,Hardy County,West Virginia,54,54031,hardy county
WV,54,033,Harrison County,West Virginia,54,54033,harrison county
WV,54,035,Jackson County,West Virginia,54,54035,jackson county
WV,54,037,Jefferson County,West Virginia,54,54037,jefferson county
WV,54,039,Kanawha County,West Virginia,54,54039,kanawha county
WV,54,041,Lewis County,West Virginia,54,54041,lewis county
WV,54,043,Lincoln County,West Virginia,54,54043,lincoln county
WV,54,045,Logan County,West Virginia,54,54045,logan county
WV,54,047,McDowell County,West Virginia,54,54047,mcdowell county
WV,54,049,Marion County,West Virginia,54,54049,marion county
WV,54,051,Marshall County,West Virginia,54,54051,marshall county
WV,54,053,Mason County,West Virginia,54,54053,mason county
WV,54,055,Mercer County,West Virginia,54,54055,mercer county
WV,54,057,Mineral County,West Virginia,54,54057,mineral county
WV,54,059,Mingo County,West Virginia,54,54059,mingo county
WV,54,061,Monongalia County,West Virginia,54,54061,monongalia county
WV,54,063,Monroe County,West Virginia,54,54063,monroe county
WV,54,065,Morgan County,West Virginia,54,54065,morgan county
WV,54,067,Nicholas County,West Virginia,54,54067,nicholas county
WV,54,069,Ohio County,West Virginia,54,54069,ohio county
WV,54,071,Pendleton County,West Virginia,54,54071,pendleton county
WV,54,073,Pleasants County,West Virginia,54,54073,pleasants county
WV,54,075,Pocahontas County,West Virginia,54,54075,pocahontas county
WV,54,077,Preston County,West Virginia,54,54077,preston county
WV,54,079,Putnam County,West Virginia,54,54079,putnam county
WV,54,081,Raleigh County,West Virginia,54,54081,raleigh county
WV,54,083,Randolph County,West Virginia,54,54083,randolph county
WV,54,085,Ritchie County,West Virginia,54,54085,ritchie county
WV,54,087,Roane County,West Virginia,54,54087,roane county
WV,54,089,Summers County,West Virginia,54,54089,summers county
WV,54,091,Taylor County,West Virginia,54,54091,taylor county
WV,54,093,Tucker County,West Virginia,54,54093,tucker county
WV,54,095,Tyler County,West Virginia,54,54095,tyler county
WV,54,097,Upshur County,West Virginia,54,54097,upshur county
WV,54,099,Wayne County,West Virginia,54,54099,wayne county
WV,54,101,Webster County,West Virginia,54,54101,webster county
WV,54,103,Wetzel County,West Virginia,54,54103,wetzel county
WV,54,105,Wirt County,West Virginia,54,54105,wirt county
WV,54,107,Wood County,West Virginia,54,54107,wood county
WV,54,109,Wyoming County,West Virginia,54,54109,wyoming county
WI,55,001,Adams County,Wisconsin,55,55001,adams county
WI,55,003,Ashland County,Wisconsin,55,55003,ashland county
WI,55,005,Barron County,Wisconsin,55,55005,barron county
WI,55,007,Bayfield County,Wisconsin,55,55007,bayfield county
WI,55,009,Brown County,Wisconsin,55,55009,brown county
WI,55,011,Buffalo County,Wisconsin,55,55011,buffalo county
WI,55,013,Burnett County,Wisconsin,55,55013,burnett county
WI,55,015,Calumet County,Wisconsin,55,55015,calumet county
WI,55,017,Chippewa County,Wisconsin,55,55017,chippewa county
WI,55,019,Clark County,Wisconsin,55,55019,clark county
WI,55,021,Columbia County,Wisconsin,55,55021,columbia county
WI,55,023,Crawford County,Wisconsin,55,55023,crawford county
WI,55,025,Dane County,Wisconsin,55,55025,dane county
WI,55,027,Dodge County,Wisconsin,55,55027,dodge county
WI,55,029,Door County,Wisconsin,55,55029,door county
WI,55,031,Douglas County,Wisconsin,55,55031,douglas county
WI,55,033,Dunn County,Wisconsin,55,55033,dunn county
WI,55,035,Eau Claire County,Wisconsin,55,55035,eau claire county
WI,55,037,Florence County,Wisconsin,55,55037,florence county
WI,55,039,Fond du Lac County,Wisconsin,55,55039,fond du lac county
WI,55,041,Forest County,Wisconsin,55,55041,forest county
WI,55,043,Grant County,Wisconsin,55,55043,grant county
WI,55,045,Green County,Wisconsin,55,55045,green county
WI,55,047,Green Lake County,Wisconsin,55,55047,green lake county
WI,55,049,Iowa County,Wisconsin,55,55049,iowa county
WI,55,051,Iron County,Wisconsin,55,55051,iron county
WI,55,053,Jackson County,Wisconsin,55,55053,jackson county
WI,55,055,Jefferson County,Wisconsin,55,55055,jefferson county
WI,55,057,Juneau County,Wisconsin,55,55057,juneau county
WI,55,059,Kenosha County,Wisconsin,55,55059,kenosha county
WI,55,061,Kewaunee County,Wisconsin,55,55061,kewaunee county
WI,55,063,La Crosse County,Wisconsin,55,55063,la crosse county
WI,55,065,Lafayette County,Wisconsin,55,55065,lafayette county
WI,55,067,Langlade County,Wisconsin,55,55067,langlade county
WI,55,069,Lincoln County,Wisconsin,55,55069,lincoln county
WI,55,071,Manitowoc County,Wisconsin,55,55071,manitowoc county
WI,55,073,Marathon County,Wisconsin,55,55073,marathon county
WI,55,075,Marinette County,Wisconsin,55,55075,marinette county
WI,55,077,Marquette County,Wisconsin,55,55077,marquette county
WI,55,078,Menominee County,Wisconsin,55,55078,menominee county
WI,55,079,Milwaukee County,Wisconsin,55,55079,milwaukee county
WI,55,081,Monroe County,Wisconsin,55,55081,monroe county
WI,55,083,Oconto County,Wisconsin,55,55083,oconto county
WI,55,085,Oneida County,Wisconsin,55,55085,oneida county
WI,55,087,Outagamie County,Wisconsin,55,55087,outagamie county
WI,55,089,Ozaukee County,Wisconsin,55,55089,ozaukee county
WI,55,091,Pepin County,Wisconsin,55,55091,pepin county
WI,55,093,Pierce County,Wisconsin,55,55093,pierce county
WI,55,095,Polk County,Wisconsin,55,55095,polk county
WI,55,097,Portage County,Wisconsin,55,55097,portage county
WI,55,099,Price County,Wisconsin,55,55099,price county
WI,55,101,Racine County,Wisconsin,55,55101,racine county
WI,55,103,Richland County,Wisconsin,55,55103,richland county
WI,55,105,Rock County,Wisconsin,55,55105,rock county
WI,55,107,Rusk County,Wisconsin,55,55107,rusk county
WI,55,109,St. Croix County,Wisconsin,55,55109,st. croix county
WI,55,111,Sauk County,Wisconsin,55,55111,sauk county
WI,55,113,Sawyer County,Wisconsin,55,55113,sawyer county
WI,55,115,Shawano County,Wisconsin,55,55115,shawano county
WI,55,117,Sheboygan County,Wisconsin,55,55117,sheboygan county
WI,55,119,Taylor County,Wisconsin,55,55119,taylor county
WI,55,121,Trempealeau County,Wisconsin,55,55121,trempealeau county
WI,55,123,Vernon County,Wisconsin,55,55123,vernon county
WI,55,125,Vilas County,Wisconsin,55,55125,vilas county
WI,55,127,Walworth County,Wisconsin,55,55127,walworth county
WI,55,129,Washburn County,Wisconsin,55,55129,washburn county
WI,55,131,Washington County,Wisconsin,55,55131,washington county
WI,55,133,Waukesha County,Wisconsin,55,55133,waukesha county
WI,55,135,Waupaca County,Wisconsin,55,55135,waupaca county
WI,55,137,Waushara County,Wisconsin,55,55137,waushara county
WI,55,139,Winnebago County,Wisconsin,55,55139,winnebago county
WI,55,141,Wood County,Wisconsin,55,55141,wood county
WY,56,001,Albany County,Wyoming,56,56001,albany county
WY,56,003,Big Horn County,Wyoming,56,56003,big horn county
WY,56,005,Campbell County,Wyoming,56,56005,campbell county
WY,56,007,Carbon County,Wyoming,56,56007,carbon county
WY,56,009,Converse County,Wyoming,56,56009,converse county
WY,56,011,Crook County,Wyoming,56,56011,crook county
WY,56,013,Fremont County,Wyoming,56,56013,fremont county
WY,56,015,Goshen County,Wyoming,56,56015,goshen county
WY,56,017,Hot Springs County,Wyoming,56,56017,hot springs county
WY,56,019,Johnson County,Wyoming,56,56019,johnson county
WY,56,021,Laramie County,Wyoming,56,56021,laramie county
WY,56,023,Lincoln County,Wyoming,56,56023,lincoln county
WY,56,025,Natrona County,Wyoming,56,56025,natrona county
WY,56,027,Niobrara County,Wyoming,56,56027,niobrara county
WY,56,029,Park County,Wyoming,56,56029,park county
WY,56,031,Platte County,Wyoming,56,56031,platte county
WY,56,033,Sheridan County,Wyoming,56,56033,sheridan county
WY,56,035,Sublette County,Wyoming,56,56035,sublette county
WY,56,037,Sweetwater County,Wyoming,56,56037,sweetwater county
WY,56,039,Teton County,Wyoming,56,56039,teton county
WY,56,041,Uinta County,Wyoming,56,56041,uinta county
WY,56,043,Washakie County,Wyoming,56,56043,washakie county
WY,56,045,Weston County,Wyoming,56,56045,weston county
